Sample,r,alpha,beta,k,Antag_Lag,Collapse_Lag
1,0.008661258320887879,0.00851410718942231,0.0032087945476302645,0.023989622804537283,77.60000000000002,95.5
2,0.008071250329194578,0.006725987670756456,0.0026022752509513793,0.025859571258966794,89.10000000000002,105.10000000000002
3,0.009273010531706661,0.007968163300041102,0.0025685260448662225,0.02658466986661234,77.60000000000002,88.70000000000002
4,0.009897595130161136,0.006852762999026121,0.0027136424704863908,0.021086997523875505,113.5,147.4
5,0.008471454055990752,0.007555701971172535,0.0029387505167779043,0.021840691689984315,95.10000000000002,119.70000000000002
6,0.009302002815750424,0.0066888611864670934,0.0028129301836816965,0.022365869284622905,107.30000000000001,138.60000000000002
7,0.008881388957385996,0.00814164591313428,0.0027297064039425237,0.023399498724511147,85.0,100.9
8,0.009249519335927514,0.006479513428619994,0.0030967903667112944,0.020996963624574167,115.30000000000001,161.0
9,0.007825639301060254,0.008509992458819999,0.003419068829767103,0.025455697463334065,69.9,85.70000000000002
10,0.008472457176768101,0.006594762256514363,0.0031658097238609407,0.022881665931239813,101.70000000000002,136.10000000000002
11,0.007979503234080901,0.007489148047750358,0.0025809496690036965,0.026161149610530687,79.4,90.70000000000002
12,0.008348705950320045,0.007865675139796458,0.00283053996848047,0.023440275468032897,85.5,102.70000000000002
13,0.009126117754226854,0.006790922524932436,0.0034226261649881024,0.02522317843529419,91.9,123.5
14,0.010186647142223308,0.00838836153846221,0.003088109980929976,0.026248900902811585,76.0,92.5
15,0.007888929755540182,0.006815961440443076,0.002590704560019484,0.022079059012035218,101.9,124.4
16,0.0086994286821616,0.006985535321491265,0.0032958637582367364,0.02229870575358819,99.5,134.70000000000002
17,0.008408523176155926,0.007596066187106058,0.002676831802477286,0.025412356895470736,82.0,95.70000000000002
18,0.00785128673793538,0.008595495607351162,0.0032450202923669917,0.021194022613923866,84.10000000000002,105.80000000000001
19,0.007664909716233725,0.008209788214023376,0.003186171609462855,0.0249007601046065,74.10000000000002,89.4
20,0.009732429936052053,0.006541600466401703,0.002872619155689845,0.020614924726080657,119.20000000000002,162.2
21,0.009980379249864101,0.007777420785362005,0.0028478082223673843,0.020249272868499306,105.30000000000001,135.70000000000002
22,0.008489652268632287,0.007106662474560181,0.0032066455605042573,0.024261526724772938,90.0,115.9
23,0.01004547440495608,0.007437483581614386,0.0026576348213444715,0.024790581062688735,91.10000000000002,109.80000000000001
24,0.00970411963126562,0.0076378736945313655,0.0032438704619591045,0.023256631218587093,91.80000000000001,119.9
25,0.009061378639331381,0.007336967291306736,0.0025728772140696855,0.020559161074683197,107.10000000000002,132.8
26,0.007734858801354182,0.0078069234253435055,0.002832920382968694,0.023359909131241273,84.10000000000002,100.4
27,0.01010042947960045,0.006935907515584968,0.0029193446307320668,0.02508630245841591,95.30000000000001,120.80000000000001
28,0.008267755046827379,0.006548204797114784,0.002810776307622391,0.02093193679790549,111.70000000000002,145.9
29,0.010160183661324946,0.008193270854019937,0.003120063380859381,0.02589650952541215,78.70000000000002,97.0
30,0.009819914607627609,0.00679478263249358,0.0033533030986409797,0.023575002270990398,100.60000000000002,138.5
31,0.009830088418942968,0.00839120542482786,0.0028362031274746773,0.020574262952448463,96.5,120.60000000000002
32,0.008265424938863241,0.0073359925244090764,0.0032862132893302434,0.025821506776961843,81.20000000000002,102.4
33,0.007668770752434214,0.007524181430799522,0.002925669902833901,0.021357533595190405,94.30000000000001,117.80000000000001
34,0.007973636491800943,0.007134634135658163,0.003398618733521267,0.02206418849482508,95.5,128.8
35,0.009050734678707088,0.007956792657514148,0.0028772666421413647,0.026597756758219515,76.30000000000001,90.10000000000002
36,0.0102486076963437,0.006941510165607069,0.0029975236553031466,0.02190813938561922,108.5,145.10000000000002
37,0.008419069334819161,0.006457995631547698,0.0030986079005819074,0.02331872637236974,101.80000000000001,134.9
38,0.00778899262837497,0.007001954544532374,0.0033674392973699883,0.02147953761576214,98.80000000000001,134.4
39,0.008041216154646301,0.007476268710624516,0.0034370854086995407,0.02149696634786539,94.10000000000002,126.80000000000001
40,0.00946476597799587,0.008088644134489613,0.00276387378959316,0.0248952322767969,81.9,97.20000000000002
41,0.008643014458341982,0.007797688118835553,0.003120176739684805,0.023550065041682562,85.9,107.70000000000002
42,0.007893782379146902,0.008254430615075784,0.0028387020584745622,0.021108764387694982,89.0,107.80000000000001
43,0.007760092882197861,0.007704509122173544,0.0031598079256580543,0.019920948924205716,98.20000000000002,128.60000000000002
44,0.009032651257408058,0.00688461549419536,0.003130655511368505,0.02102382133874489,108.4,147.9
45,0.009515531892876657,0.007245154529176209,0.0033930569898630606,0.020766271399580493,105.70000000000002,149.0
46,0.008570879147835697,0.006630315422791325,0.003382224256450706,0.025937602080133057,89.5,118.4
47,0.008346442394830919,0.007859964103576903,0.003285499980181094,0.02368585367308024,83.4,105.70000000000002
48,0.009080056561561217,0.006919167654526016,0.002633792491025309,0.026076538148093752,89.60000000000002,106.9
49,0.010081128754340992,0.0077994782788648525,0.0028551268119438307,0.0222459749265425,96.4,121.10000000000002
50,0.009610080332949645,0.008393498084893298,0.0033483777818386056,0.02525633006554479,76.9,96.70000000000002
51,0.009383485444616575,0.006564314921238859,0.0026954658426851523,0.026085893777804285,94.80000000000001,116.10000000000002
52,0.009287358461080891,0.006395693366137416,0.002641324388579429,0.024442877366065312,103.20000000000002,128.4
53,0.00766366627638479,0.006736818115689371,0.0030438604104299277,0.024641347431871925,90.20000000000002,113.30000000000001
54,0.00941029540065702,0.006879605946286259,0.003190961299212782,0.021463371121602633,107.70000000000002,148.0
55,0.008528579185030022,0.008054605661515554,0.0031346696091424935,0.025741071639354306,75.80000000000001,92.0
56,0.009425554809210927,0.0076536943575048096,0.002634307291045283,0.02237533346338544,96.10000000000002,116.80000000000001
57,0.008366046392740658,0.006923976697602938,0.0034257094992772006,0.022552753095420656,97.5,133.5
58,0.010058525698978204,0.00779506190849384,0.0032653301731874833,0.023318433280805292,90.9,118.80000000000001
59,0.009207640488491169,0.007483164811092444,0.00272571868901824,0.02485494028567792,87.60000000000002,105.0
60,0.00840808537859031,0.006429710924470771,0.0031309250663164507,0.021043003649055272,112.10000000000002,155.20000000000002
61,0.010189238177752868,0.00852133929825582,0.0033733779511984038,0.022392409314785557,87.20000000000002,113.9
62,0.007691732864627942,0.008463716765822383,0.0029353657334855827,0.026561917185115247,67.80000000000001,77.70000000000002
63,0.010251773938140982,0.008294271274801559,0.002815004002862627,0.022496833122927457,90.70000000000002,111.4
64,0.009948069013095513,0.007088074511601624,0.0027025434720174832,0.02369704082458387,99.0,122.80000000000001
65,0.010177617890234107,0.007941067042518688,0.0030630550530804284,0.020484263691457675,102.10000000000002,134.60000000000002
66,0.009310519512087757,0.008602621162734593,0.0026760756137128713,0.023428124270022516,82.0,96.0
67,0.01001890729420548,0.00804172938994696,0.0031773141668957412,0.024715363747069893,83.5,105.20000000000002
68,0.008620626108293339,0.007035581649595109,0.0032784250399306623,0.02546769262880747,86.80000000000001,111.9
69,0.009991095260166278,0.00842979124325206,0.003010208158974844,0.023310598899863522,85.0,105.20000000000002
70,0.009805396983210292,0.00783741884424997,0.0031817701895319327,0.025367590759358342,82.70000000000002,104.0
71,0.010053014422907427,0.0071354891029159545,0.0028880246573759496,0.020461933759487672,112.5,149.70000000000002
72,0.009211356380689668,0.006455870116042669,0.002969038216319214,0.023598085996605962,104.30000000000001,136.9
73,0.008423661380746367,0.007704374836280273,0.0025774502249451443,0.02006606383935701,102.5,125.0
74,0.009871021513781077,0.0071854289431753406,0.002664354461386696,0.02345548038778308,98.60000000000002,121.5
75,0.009728982593366249,0.0068605973118678965,0.0031106014282371005,0.020401578780306438,114.5,159.60000000000002
76,0.007789540647155239,0.007570547921028332,0.003036571609449096,0.024260635011472464,82.9,101.4
77,0.009610446601051184,0.008570667178790703,0.003014670313471076,0.02206246574585931,87.30000000000001,108.60000000000002
78,0.009797002725875498,0.0069843725653396665,0.0029450742786350727,0.02035341010558244,114.0,153.9
79,0.007718447007221735,0.00854095893302533,0.003302382108460985,0.02466985970059495,71.9,87.4
80,0.008754172949918527,0.0067649122201594025,0.0026907933384039775,0.02155419785817052,108.20000000000002,137.3
81,0.009132911994706524,0.007982840826075139,0.003144177639045958,0.02176173793965214,92.5,119.0
82,0.010228136257790623,0.008035268062565479,0.0030489186472602604,0.02408092801617812,86.70000000000002,108.5
83,0.008782920168555032,0.006932394726377604,0.0028703754107861352,0.02510234431214594,91.10000000000002,112.5
84,0.00768886241930034,0.00663616344114056,0.0025914023778195773,0.0200896943282096,112.9,142.4
85,0.009959743576829718,0.007958230183605053,0.0029767564461785924,0.0204888607829505,101.5,131.70000000000002
86,0.008977362862815445,0.007440311484256273,0.0027058816829190137,0.02283762302817343,94.9,115.9
87,0.008725962782872907,0.0077606627206174865,0.0031215842857808796,0.020121675028306592,100.70000000000002,132.70000000000002
88,0.008661454059491471,0.007783184810357032,0.0030028226327220788,0.02579186398990637,78.9,95.20000000000002
89,0.00942847280537115,0.006741602460933216,0.002613511872660387,0.024295510754662145,99.60000000000002,122.20000000000002
90,0.0077215805384623784,0.007692995057865292,0.0033962072172824616,0.023827564503352397,81.9,104.70000000000002
91,0.008698058800757608,0.007822398491495294,0.0029624276014423648,0.023618861357318388,86.10000000000002,105.70000000000002
92,0.010191954983696617,0.007243730935051741,0.0034150715074415224,0.026133400987272886,86.9,114.70000000000002
93,0.0081786360639311,0.006531062926969122,0.002640700201239684,0.019932370561304334,117.4,151.8
94,0.007904995994041005,0.007911765240186802,0.002614069783614206,0.02203463965575339,89.4,105.30000000000001
95,0.009931163339617527,0.006427361855405608,0.003283021634330042,0.021775164875666064,114.20000000000002,164.40000000000003
96,0.007969045034578471,0.007942658622069339,0.0031160485621018956,0.0259385293745541,74.4,89.4
97,0.00963469181827049,0.008182832093365908,0.002803831115314176,0.02104530241102026,96.10000000000002,119.4
98,0.009676659829430315,0.008190378163351344,0.003441454627800606,0.02268919756161087,87.60000000000002,115.60000000000002
99,0.008654448831640514,0.008121929161669492,0.002856723186227716,0.026310993705968917,74.5,87.10000000000002
100,0.00996771442997613,0.0073402365615937906,0.0032257839610123477,0.02507925468985193,89.30000000000001,115.60000000000002
101,0.007928434445857018,0.008405744040029025,0.0030047271352030714,0.025581937688093113,71.70000000000002,84.0
102,0.00851413392278265,0.008389927264116451,0.0029002815108607467,0.019880755183847288,95.10000000000002,118.70000000000002
103,0.010094531336332011,0.0065803950227688,0.002837382273831373,0.026445933149685127,95.20000000000002,119.4
104,0.010216639296731401,0.007665235248277393,0.0031186534909528195,0.022939634198628454,94.60000000000002,122.80000000000001
105,0.008441669083584773,0.007114495227082311,0.0031552666104693347,0.025064097960769385,87.0,110.20000000000002
106,0.00978726341805979,0.008151640821287746,0.002632085492743821,0.023260997929871043,88.4,105.20000000000002
107,0.007805408652044939,0.007611439985228405,0.002947377451236039,0.026010052237480513,77.10000000000002,91.5
108,0.008597470533890612,0.006638400786962113,0.002678692513847552,0.02512795931570513,94.5,114.9
109,0.009319188770953904,0.006602526021276278,0.0026256961255034976,0.02470477422889925,99.5,122.10000000000002
110,0.007846460117183322,0.0082241851334033,0.0031856180044408464,0.02037362797668688,91.10000000000002,116.60000000000002
111,0.007879061828030018,0.008594939051627642,0.002886843716180508,0.02239578860799757,80.70000000000002,95.80000000000001
112,0.009844558831595256,0.008506309299113682,0.003437400957440584,0.02507111351496,77.0,97.9
113,0.008665900880933471,0.006562876612572004,0.003249432224334693,0.023708245705653275,99.20000000000002,133.5
114,0.008795399424966835,0.008414297366463156,0.0026500777340755363,0.023248449478993106,82.9,96.70000000000002
115,0.00768065484087203,0.007429486444486784,0.0026006729481136536,0.020635537234713824,99.80000000000001,121.0
116,0.007967320866298182,0.007835723179761143,0.0032214403913388805,0.02388274766802915,81.80000000000001,102.0
117,0.010247865880881262,0.007218458803928333,0.0028071408776536746,0.025876507906044323,89.9,110.30000000000001
118,0.008253708764002521,0.008542250713741375,0.002560939027220835,0.026584452998686395,69.60000000000002,77.10000000000002
119,0.007766531762266555,0.008380072005820659,0.00302493099817767,0.026745823924873912,68.0,78.80000000000001
120,0.007849250724785576,0.007621172139902972,0.0034223722820571887,0.02346145393074934,84.30000000000001,109.20000000000002
121,0.009349376322965208,0.007940434550215387,0.0029590869582909957,0.024191630979787604,84.9,104.20000000000002
122,0.00922764864219237,0.008402605523604724,0.002590901742307312,0.021768932695249692,90.20000000000002,106.9
123,0.010216111007006706,0.008378093513754561,0.0029600910775071415,0.02413972685863274,83.30000000000001,102.0
124,0.008398929194049057,0.006798272609378463,0.002967328564445984,0.022274932073902107,102.0,132.3
125,0.009225871501997353,0.0065499029331712155,0.0034269553268995493,0.026698613103912423,90.10000000000002,120.60000000000002
126,0.009535036627853311,0.007581216824274271,0.002828574854657695,0.02549342718775157,85.10000000000002,102.80000000000001
127,0.009498774165895472,0.006740888113526005,0.0033698344660444577,0.02555453532803295,92.70000000000002,124.20000000000002
128,0.010214459765888194,0.008007868893873808,0.0031020736763422104,0.022728518823671426,91.80000000000001,117.70000000000002
129,0.010168366905055834,0.008323643751375918,0.0025906968030955705,0.019989305151735793,101.80000000000001,125.0
130,0.008666451090570734,0.008198744994259122,0.00343854851638345,0.020856414068813663,91.5,122.10000000000002
131,0.009254152931450764,0.007232004427419798,0.0034229229580331425,0.025691411272718605,85.70000000000002,112.30000000000001
132,0.009913487502720069,0.007429559609538682,0.0029233375521038984,0.021716115432795637,102.20000000000002,132.10000000000002
133,0.007802213840957502,0.00832062534657387,0.003281610908217069,0.02679302653627005,67.9,81.20000000000002
134,0.010340919460099542,0.007624721337605911,0.0032420886736624593,0.02640891245187817,82.80000000000001,105.30000000000001
135,0.009944047954829009,0.006931533228922195,0.002955489721779084,0.02070782431190895,113.5,153.20000000000002
136,0.010225937773598549,0.007738892927514479,0.0027557785249531165,0.024500187783996936,89.0,108.10000000000002
137,0.009318946249236317,0.007180866115573891,0.002652201832979666,0.02449929663719367,92.9,112.10000000000002
138,0.00905483079244024,0.008112716381405188,0.003018147151000794,0.025761748687226596,77.10000000000002,92.80000000000001
139,0.009140148464691111,0.007637110435954619,0.0033389882423925103,0.022625345234824654,92.10000000000002,121.9
140,0.008011841116816729,0.006439761021705012,0.0032296235301062567,0.024140963763960716,96.60000000000002,128.0
141,0.009551015373867903,0.006854169363395049,0.002672734328028093,0.019906667213018495,118.5,155.0
142,0.00859658640877781,0.007702314795422923,0.002903019640589759,0.022862949704945866,90.0,110.9
143,0.01009122847513312,0.007158574800802425,0.0030125905402438296,0.02528273455906059,91.60000000000002,116.20000000000002
144,0.008720665512267429,0.007774695075512715,0.003326127337872071,0.026442149159366914,76.4,95.30000000000001
145,0.0080470983985084,0.008459822156613362,0.0029929046637715844,0.02161012827420972,85.10000000000002,104.10000000000002
146,0.008889666541843306,0.008580073294392322,0.0029933562845935826,0.02210297375590968,84.9,104.20000000000002
147,0.009360182306655158,0.006915327642250934,0.0026182769952977974,0.02070586925615544,113.0,143.9
148,0.007995723765185985,0.006716781060402662,0.002674944455384469,0.02428471446617447,94.30000000000001,114.20000000000002
149,0.008141076227877691,0.007152751387478691,0.003357109568915411,0.023117991865437476,91.9,121.70000000000002
150,0.009452405894006772,0.006762719710203666,0.0027230601169278036,0.020090671627702686,118.20000000000002,155.9
151,0.008106124670294843,0.0070018282628219065,0.002709309435849072,0.02042503071096182,107.60000000000002,136.10000000000002
152,0.007975716851971622,0.007411752228073633,0.002735700346565213,0.022351246328726048,93.4,113.4
153,0.009009226631308112,0.00792838836441607,0.002585380925856989,0.025392878688374206,80.9,93.4
154,0.00934533105162545,0.006558957821884961,0.0033362207616960994,0.026241898079717375,92.20000000000002,122.80000000000001
155,0.007814910491608132,0.006997974708331208,0.003275581151813755,0.02503533523578177,85.70000000000002,109.60000000000002
156,0.008148206752262218,0.006846035977507598,0.0028834248925122437,0.02319181566648524,96.9,121.80000000000001
157,0.009319287883131798,0.007205055689031987,0.0029662812445198326,0.025029821857554962,89.70000000000002,112.0
158,0.007749044647804614,0.006942983124774046,0.0031920146272960974,0.02606249579543352,82.9,103.70000000000002
159,0.009031529093712297,0.0075722553418469596,0.002646454810205798,0.022932412444095947,93.4,112.60000000000002
160,0.009088066619428563,0.006920558633178141,0.002792318907854443,0.022442216300101313,103.10000000000002,130.8
161,0.007704192233999861,0.00709967812256215,0.00274030320629689,0.022094206491723622,96.9,119.0
162,0.007973357755911977,0.008378686381664764,0.0030842332081986437,0.024551925210819982,75.0,89.80000000000001
163,0.009780762344239812,0.007496494947590378,0.0026282282592786812,0.02355937472731165,94.30000000000001,114.10000000000002
164,0.009234471018656373,0.00805223881691474,0.0029384935916067115,0.02069678631654099,97.30000000000001,123.5
165,0.008416194945656555,0.0071919351668969286,0.003131325517198441,0.023794740349635694,90.70000000000002,115.80000000000001
166,0.008611461159924184,0.008594659309784203,0.0030951973374211982,0.0214632152742346,86.10000000000002,107.30000000000001
167,0.00792481267607509,0.006718933063164746,0.0027713619555460576,0.020928162799084295,107.9,138.10000000000002
168,0.008153730964938525,0.007016464129561155,0.0027060362357652795,0.02607339031813871,85.0,100.5
169,0.007866631113286433,0.007555150626533072,0.0029193571442906953,0.02667182653219116,75.9,89.5
170,0.00795250503585374,0.007270175097852918,0.003422523389947831,0.025854894809998922,80.30000000000001,102.60000000000002
171,0.009856094591563055,0.006955281360851114,0.002703798828651059,0.024478816107271772,97.30000000000001,120.10000000000002
172,0.010159315170644482,0.007627716509281341,0.00306445142052291,0.021762053864685386,100.0,130.9
173,0.009727630919618228,0.006795848434254428,0.002841311312763819,0.022778800705928755,105.4,136.10000000000002
174,0.009020548022448028,0.00692042189793393,0.002653353142265283,0.02407323409666701,96.60000000000002,117.80000000000001
175,0.008429302493748689,0.007682785998200876,0.002688926443746782,0.023168169311965175,89.10000000000002,106.30000000000001
176,0.00908799146788928,0.00649160295785046,0.0028529438503745283,0.02074455859180343,116.80000000000001,156.90000000000003
177,0.007821112420276471,0.008602410522877375,0.0028401184604772505,0.025466022376523897,70.4,80.5
178,0.00833752976786216,0.00790838112500384,0.003234205073900718,0.02396851479684883,82.0,102.80000000000001
179,0.008923255709085427,0.007301642056831353,0.002863981439888696,0.0263024087182923,83.30000000000001,100.5
180,0.009892672401026868,0.008546310548999651,0.0026618675011369905,0.024913763651673474,79.10000000000002,92.0
181,0.0101835192334168,0.006782774398872735,0.0026098466406300996,0.024985433338537512,98.9,121.30000000000001
182,0.00920107740558576,0.008269114747706112,0.0026757951389636604,0.025363918509900628,78.20000000000002,90.60000000000002
183,0.008194393764128909,0.006743225871447834,0.0026978392181378937,0.02549887729441736,90.30000000000001,108.4
184,0.009446032495879738,0.007551897205730518,0.0028729474357111523,0.025936631780283628,83.5,101.0
185,0.008709601790041115,0.008212348738811047,0.0029452214177131965,0.022439841561680104,86.70000000000002,106.30000000000001
186,0.008899235421307937,0.007053100216869319,0.003222848442158626,0.02331901552674643,95.60000000000002,126.10000000000002
187,0.008276974276896406,0.008399042789867778,0.0028955020992358902,0.02360443449918678,79.4,94.4
188,0.010097474699604276,0.007779535490806481,0.0026552082366375278,0.02637442654405819,82.20000000000002,96.60000000000002
189,0.009344811743292826,0.007128537632978443,0.0026753448653970484,0.025355236072999367,90.4,108.70000000000002
190,0.009324196441006984,0.007575287456946723,0.0033545033247458617,0.02531729450645947,83.70000000000002,107.80000000000001
191,0.008059522175278427,0.007076374652539983,0.0027736402258330193,0.02500518458508301,87.4,104.9
192,0.007740537573786604,0.007657251790960461,0.0032362128171666213,0.025933591800964627,76.0,93.10000000000002
193,0.008573620721532949,0.008222828935512029,0.0026495685632596864,0.02572170151922428,75.70000000000002,86.4
194,0.007994219388296352,0.0072688964037608255,0.0032675658292015985,0.02085292281716793,99.60000000000002,133.70000000000002
195,0.008268978767128132,0.008000068278884397,0.0031980328828914665,0.024286621953868232,80.0,99.0
196,0.009523660800061168,0.007596129997532092,0.0027766191530162574,0.022221414994592396,97.30000000000001,121.0
197,0.008140313835363849,0.008419013763000662,0.0030750526152895086,0.022606951403177842,81.80000000000001,100.20000000000002
198,0.008897415669839157,0.008506387514126582,0.0026880162628044723,0.02390274652579741,79.9,93.0
199,0.009015899432988056,0.0077507720297279575,0.002566299165438756,0.02590114612351962,81.10000000000002,93.5
200,0.010166719362705752,0.007646549663075718,0.003176985741489203,0.026253270674429296,82.80000000000001,104.20000000000002
201,0.009559544312646176,0.006718212846557088,0.003068659524150132,0.02404593817421616,99.80000000000001,131.0
202,0.008795152812516442,0.008031999530155626,0.0033909303132921126,0.026274723905218365,74.60000000000002,93.30000000000001
203,0.008867266302791155,0.006629785603141699,0.003436357079066101,0.025668897624257076,91.30000000000001,122.70000000000002
204,0.00798658923924882,0.008446894235889086,0.003332906725855915,0.02343167801931124,77.5,96.60000000000002
205,0.009246443676511309,0.0072727560837077924,0.002599285474939828,0.022148028719104845,101.10000000000002,124.0
206,0.00981770431121463,0.006385422051760356,0.0028501492545220295,0.022588199168200693,112.4,149.10000000000002
207,0.00910096812793239,0.00844467513692871,0.002861711394929365,0.022230202881254633,86.80000000000001,105.4
208,0.009641253369896319,0.007392490367002066,0.0027521443406459834,0.02296755221776753,97.10000000000002,120.30000000000001
209,0.008030313955025459,0.006771870719639002,0.0029985309954655317,0.02273328889203679,98.80000000000001,127.10000000000002
210,0.01012008393288387,0.007190386273012424,0.0030725295152502392,0.02422452737255752,95.0,122.80000000000001
211,0.0076853550327885,0.007867959087037598,0.0027102323701827763,0.02652288151911149,73.4,83.4
212,0.008051389364933404,0.007307904278385803,0.0026268147012707796,0.02677315102040317,79.5,91.4
213,0.009005926527894352,0.0077146162889700975,0.0026103688296495843,0.025047223688090252,84.10000000000002,98.30000000000001
214,0.008216745101358081,0.008395622151241606,0.0027346256764338066,0.02113790716743903,89.0,106.5
215,0.007748684103189855,0.007437150626497497,0.003058357019936355,0.020264303389604183,100.0,129.9
216,0.009743924565076528,0.007394899878183062,0.003021951242394822,0.022885931601098215,96.80000000000001,124.70000000000002
217,0.008732060264363378,0.00763419074544349,0.0026897162213376413,0.021076677632161946,99.4,122.30000000000001
218,0.009976821176736496,0.008503759789800672,0.002885978384651778,0.02169750526527344,90.9,112.5
219,0.009388798766745343,0.007294651884970717,0.00257284772009431,0.02089650665558967,107.20000000000002,133.20000000000002
220,0.009583125017887972,0.007857578869297839,0.002574386393253135,0.02135658541191132,98.9,120.10000000000002
221,0.008273901950787792,0.007886758673097138,0.0025677394839789276,0.02053271898807217,97.70000000000002,117.30000000000001
222,0.009809773430507611,0.006776725489622251,0.0031374714970666875,0.02146989763951662,110.70000000000002,152.8
223,0.00791849176045023,0.006922137429748771,0.003200040238670093,0.025786318312062937,84.70000000000002,106.80000000000001
224,0.009891593634330875,0.007268662941641523,0.0031512766229135816,0.02123784022495659,105.5,142.8
225,0.008441498871704735,0.008391755591672517,0.0025617017311596623,0.020402704630672733,93.60000000000002,111.0
226,0.008211292888894273,0.006434697458716093,0.0027132918915808175,0.02388046051117815,100.4,124.60000000000002
227,0.008787846286599742,0.008383511349923193,0.0032856992055645966,0.022194303288368154,85.30000000000001,108.9
228,0.008350443270264489,0.00722930791837635,0.0030812654482633268,0.021678764849351904,98.60000000000002,128.3
229,0.00933520205119266,0.00729617621743029,0.0030468424627667825,0.022853524438655865,96.70000000000002,124.80000000000001
230,0.008445057550763177,0.008509019940664851,0.003237245214743784,0.020784391098607503,88.70000000000002,113.5
231,0.009994863534924363,0.007471720196061405,0.0033550970042046818,0.025395988239071736,86.5,112.9
232,0.008798076462066928,0.006425555943720264,0.0027918096234464513,0.023591023160479462,103.80000000000001,132.20000000000002
233,0.009360391193530597,0.006955247292224704,0.0026754204666655417,0.0256411623552271,91.5,110.5
234,0.01030788588789959,0.007557802910181041,0.002704511357263473,0.021708428212370387,102.70000000000002,128.8
235,0.007699654826678159,0.008432172314761122,0.002655975974601127,0.02383485016384463,77.0,87.80000000000001
236,0.008389949095855456,0.007621900505660534,0.0031362783495166775,0.02560489520791334,79.80000000000001,98.20000000000002
237,0.008207337433753627,0.00639974061448158,0.0026731970670619263,0.026096130306518254,92.60000000000002,111.80000000000001
238,0.010009503209418789,0.007719179479883193,0.003090465174390288,0.024453606355078324,87.9,111.0
239,0.008123502452283313,0.00843242687833116,0.002926893472402866,0.02248313831246399,82.5,99.30000000000001
240,0.00905107780426366,0.006480673425243873,0.0026996550318804714,0.02496385497882033,98.9,122.4
241,0.007873556403397841,0.0077320922462993736,0.002770814198713189,0.022526176342153415,88.70000000000002,106.60000000000002
242,0.008429473089280888,0.0071752636120461346,0.003197141314665821,0.021881880792205995,98.30000000000001,130.10000000000002
243,0.009179292528801621,0.0074461134049479735,0.003147304048826383,0.02635343987788006,81.70000000000002,101.80000000000001
244,0.009627944662467674,0.006858615851829202,0.002578064821555156,0.02163822566965578,110.4,138.8
245,0.009256710412890687,0.0064907080803395635,0.0029967296224811123,0.02397693151392906,102.30000000000001,134.0
246,0.008552458505205793,0.008109552458428098,0.0026459384278203946,0.0203302130943333,97.0,117.60000000000002
247,0.009616109641749727,0.007489855461463946,0.0031695621567849625,0.022844443096840184,95.0,124.10000000000002
248,0.008315285489745586,0.008217980214766949,0.003269474291072081,0.024660928331272446,76.70000000000002,94.80000000000001
249,0.008384791870520897,0.007703019000455445,0.002874876507246024,0.020445158692553173,99.4,125.60000000000002
250,0.010126746653748055,0.006682841919567663,0.003405213618438722,0.022922580352976108,105.60000000000002,149.8
251,0.008149858907864271,0.007594277131601305,0.0033356512522887674,0.02492325195600283,81.0,102.5
252,0.009827715099225913,0.007857262575099114,0.0031730489080660676,0.02574087760444158,81.4,101.80000000000001
253,0.0083241036239198,0.007476206168197065,0.002749088497637642,0.026708799375896562,78.60000000000002,91.70000000000002
254,0.010198960217153856,0.0064637103255791376,0.0031850176552641195,0.0262724857387355,96.60000000000002,128.10000000000002
255,0.008137553431843799,0.007652876768743416,0.003373939467829238,0.020042282390314733,99.10000000000002,134.70000000000002
256,0.009533034721566466,0.007044035266588239,0.003381956575838877,0.026592697133705916,85.80000000000001,112.10000000000002
257,0.01019951952060627,0.007441981987479293,0.003325838385890382,0.02570840029576014,86.4,112.4
258,0.008511571277756789,0.008240059816839023,0.0025833068712439434,0.02397292645058955,81.20000000000002,93.4
259,0.008271023860676798,0.006646275492998876,0.0026192578814662883,0.024672058543388196,95.10000000000002,114.60000000000002
260,0.008567662402173777,0.008005725235939714,0.0026088207067190483,0.022008879461435968,91.0,108.0
261,0.009106626489413409,0.008154127120887667,0.002836877252638863,0.024179980721294694,82.5,98.70000000000002
262,0.010042139920237704,0.007760692173410184,0.0027596635272782704,0.019975561463080202,107.4,137.4
263,0.009999266959532509,0.00642285617441337,0.003337231505415779,0.02350227056685021,106.60000000000002,150.3
264,0.010185482785984818,0.008172262280490747,0.0034481406994800036,0.022256475590007454,90.9,121.80000000000001
265,0.009721408380114042,0.007279344555620794,0.0029818880582735178,0.024191263187896408,93.10000000000002,117.9
266,0.010008928208303113,0.008589187805698412,0.003241446072478066,0.022725189807349663,85.10000000000002,108.5
267,0.008787663906148088,0.008034560178575005,0.002764899431191472,0.02057721405078845,97.10000000000002,119.9
268,0.008607479825630095,0.007021287731221683,0.002816677308410391,0.02143791817983887,104.30000000000001,133.0
269,0.0077636516120181765,0.006415216353150181,0.0034389501507624287,0.022795134204813678,100.30000000000001,139.60000000000002
270,0.00868768194733114,0.007904206386059405,0.0027464284990785575,0.026445228675812074,76.5,88.70000000000002
271,0.00977313153892199,0.006576174755202583,0.002925822698206435,0.025950036969859532,95.70000000000002,121.60000000000002
272,0.010200776460186805,0.007426653400312206,0.003102070250289637,0.020972567283183606,105.9,142.5
273,0.010326155290569836,0.006896261328112748,0.003398458596721613,0.024346030076456655,97.80000000000001,134.20000000000002
274,0.009290889346172919,0.0075285491497871435,0.0027576028305459827,0.021038930943718503,102.60000000000002,129.10000000000002
275,0.008245312764489473,0.006794486089824572,0.003251626026210078,0.022252375561575444,100.5,135.4
276,0.007806175226721169,0.008555480917816825,0.003345407296467083,0.02628998845953454,67.30000000000001,80.9
277,0.010336251121145373,0.006766264310743846,0.002906617817012393,0.0251050869451716,98.20000000000002,125.5
278,0.009529255668745238,0.006721265789264673,0.0032842498124915557,0.021373839597138258,110.30000000000001,155.9
279,0.008254307560021082,0.007583192451510181,0.003083645941357533,0.0238598025927863,85.80000000000001,106.80000000000001
280,0.007897014460973937,0.008349286940918355,0.0027890400383298354,0.0207103092997668,89.9,108.5
281,0.010049619815646237,0.008525215871016944,0.003325914855538905,0.0254635173623269,76.30000000000001,95.70000000000002
282,0.009419153347725357,0.007614429083870563,0.002628288083920269,0.022660087959364184,95.4,115.60000000000002
283,0.008656258995933247,0.006959446013460734,0.003201078102319726,0.023271171388200607,96.10000000000002,126.5
284,0.007868824782950649,0.006870412204387075,0.003164932887293636,0.020337154707837198,106.80000000000001,145.10000000000002
285,0.009948258667931673,0.007489079685781442,0.002982527919593983,0.023945930414770028,92.4,116.70000000000002
286,0.009876638607997902,0.007157570717779934,0.003160214537303157,0.023759466428330576,96.20000000000002,126.30000000000001
287,0.008370976329457436,0.008351917469299103,0.003267683419446235,0.024407578324262397,76.5,94.5
288,0.009946570668554451,0.008326411952159555,0.003187526679043531,0.025655723165262066,77.60000000000002,95.9
289,0.009533172946507065,0.007905316736460674,0.0031067502403936656,0.025066489310507912,82.5,102.4
290,0.008078233784291297,0.008356959208197588,0.0033346591749707087,0.02000943850841157,91.80000000000001,120.30000000000001
291,0.009879705226524859,0.006664957201815251,0.0028516069688332276,0.02500212271147834,98.60000000000002,125.10000000000002
292,0.00808405171933043,0.008215425804267889,0.003298920760161967,0.023352199458988244,80.30000000000001,100.60000000000002
293,0.00766724185363545,0.007020835799643553,0.003105234226538168,0.02666349138441169,80.10000000000002,98.0
294,0.009355896522945002,0.006959558057394359,0.00312060513278965,0.02357949780421383,97.70000000000002,128.10000000000002
295,0.009755582566908087,0.006615706437360655,0.0032349251122518246,0.023588453384946008,103.10000000000002,140.70000000000002
296,0.010250078410419285,0.007144212373587043,0.003119359703820553,0.026319876457515018,88.4,112.70000000000002
297,0.007926776265574833,0.008483764096282015,0.0031690971500707324,0.02027918104314515,89.30000000000001,113.30000000000001
298,0.008462601630756402,0.007968387199451882,0.0026106155413218946,0.023874371516632152,83.9,97.60000000000002
299,0.008583884253772982,0.007772059914976823,0.0025911678304312616,0.02589704227500511,79.5,91.20000000000002
300,0.01027842021677897,0.008554975174392805,0.003224686648568632,0.02071430281851312,94.30000000000001,123.80000000000001
301,0.00969731062900836,0.006430320562032303,0.0025699111963760975,0.022067035431855293,114.9,146.5
302,0.008969336614092596,0.008108416690067533,0.0031649658389458542,0.02292185991757347,86.10000000000002,108.70000000000002
303,0.008388791998960497,0.008618530125354849,0.0029335631720123754,0.02296019530006443,80.0,95.70000000000002
304,0.008091784317217507,0.008163321484687342,0.0031743140032033396,0.021348179593393437,88.60000000000002,112.4
305,0.007872428823162775,0.007906123429668104,0.0031390600928530217,0.021715084093717484,89.0,112.4
306,0.010217331618076106,0.006714880256507025,0.0029391013209383414,0.026400875281971516,93.70000000000002,118.60000000000002
307,0.00878326375570053,0.007811683382244192,0.0029078349581665146,0.021721764264417204,94.0,117.5
308,0.010306739649491534,0.007296001514208846,0.0033546892833112205,0.021412382695178693,105.0,146.70000000000002
309,0.008225382700867725,0.00644505168649015,0.0031365001428382963,0.02238099914262909,104.9,141.4
310,0.009983767274567018,0.007439722290056003,0.003421374085123249,0.021101823354764817,103.30000000000001,144.9
311,0.009995282553480148,0.008122342918781418,0.003243829660179647,0.025710034764537044,79.20000000000002,99.30000000000001
312,0.009704764775546094,0.007783995723670684,0.0026681203899141487,0.02003235799464385,106.10000000000002,133.20000000000002
313,0.010136289189102352,0.00776246320767166,0.003266883561878559,0.023170841237072724,92.0,120.80000000000001
314,0.007966732110198464,0.006656668032455738,0.003167008758506074,0.022812838205347245,99.0,131.0
315,0.008191416762090908,0.007481087730168232,0.002607788043367621,0.023872980099381647,88.0,103.4
316,0.008376282191974763,0.008169507976433673,0.002829325763031216,0.022986988842081793,84.30000000000001,100.80000000000001
317,0.007681375457751871,0.006538005497537757,0.0029032442007660164,0.023159772454672694,98.9,125.4
318,0.009270055479922119,0.007031240802095932,0.0031754836975138884,0.025817255556352538,88.20000000000002,112.9
319,0.009755597670012042,0.0064641423570338035,0.0029824562525320457,0.020538461947143042,120.4,168.0
320,0.008303521542828823,0.00859499083485108,0.0026782459886113617,0.02329222819262498,79.4,91.80000000000001
321,0.00931902048265892,0.007955546183724233,0.0030536838151382227,0.019873298223460095,102.10000000000002,133.9
322,0.008531445532258777,0.007539851197615599,0.00262907984923035,0.022255882249152172,94.80000000000001,114.20000000000002
323,0.007739648393736688,0.006551801618598797,0.0029072309485814367,0.020732683120760993,109.70000000000002,144.5
324,0.009182360290306207,0.007926296180558848,0.0032705280291981747,0.021204050207271223,95.20000000000002,125.9
325,0.008102202972099487,0.006610277640752399,0.003122787224589273,0.02474326532814344,92.9,119.5
326,0.007735282591029233,0.008481477554048301,0.002596774155286325,0.023588661383754483,77.70000000000002,88.20000000000002
327,0.009564463402517471,0.008334680528428692,0.003192678238919185,0.025409079300657843,77.20000000000002,95.30000000000001
328,0.008566515519865576,0.008208356505929652,0.0026221033617462074,0.02605976842586309,74.80000000000001,85.0
329,0.009128499415615087,0.008213919982415609,0.00295708645606647,0.02430360808942371,81.30000000000001,98.4
330,0.009071287184527503,0.008021076423949496,0.0026234669838275304,0.02022686106709404,100.30000000000001,122.80000000000001
331,0.008317178731827395,0.006733975530254673,0.0033346052099329816,0.02133730577163273,105.20000000000002,146.60000000000002
332,0.010284836190711652,0.00713301553148499,0.0027139061241198293,0.02532499256492593,93.20000000000002,114.10000000000002
333,0.009428510993852366,0.007495940362019562,0.003049827195843868,0.024832220430123123,87.30000000000001,109.30000000000001
334,0.008266827801594505,0.008616751311127668,0.0034273138459321043,0.024350776547565088,73.80000000000001,91.9
335,0.008188764617508691,0.007905513545470406,0.0026149785680812583,0.020019260990418584,99.30000000000001,120.60000000000002
336,0.008345743798980275,0.007415901652663461,0.003331445254867542,0.024887911797666494,83.60000000000002,106.9
337,0.009655307607239948,0.007332360002508169,0.0028613414932922663,0.022398560953262373,99.80000000000001,126.80000000000001
338,0.010316653822087355,0.006465245680678086,0.0033303283465102034,0.023849941105921032,105.70000000000002,148.3
339,0.008834261631811894,0.008006829735934057,0.0029880020472822324,0.02591022843419081,77.0,92.30000000000001
340,0.010081895032830397,0.007323872085465274,0.0027991450175115463,0.0239455287968676,95.20000000000002,118.4
341,0.010113381033165064,0.00684898992526275,0.0031106699252071344,0.024219605938446714,99.10000000000002,130.8
342,0.009629405160521257,0.006671027291536334,0.0031942424682138795,0.026159137319452828,92.5,120.70000000000002
343,0.008135144393949653,0.006909472481078724,0.0034242555846374753,0.021070028899439333,103.0,144.20000000000002
344,0.009956839752097862,0.007482625177008077,0.002772507966962859,0.025891541809894857,86.20000000000002,103.9
345,0.008852324188507196,0.007533339046341803,0.0028733100324597888,0.023949726451530144,88.70000000000002,108.60000000000002
346,0.00809151445597956,0.007254933457466461,0.003422471090101759,0.02160935269458088,96.30000000000001,130.9
347,0.009423188994261488,0.007106677644505563,0.003246125813117941,0.020719806888421267,108.0,149.8
348,0.01026851682171207,0.007396026468113187,0.0027624454170118175,0.02031874226383679,111.0,144.0
349,0.00810834634373636,0.0075444913842510385,0.0028533028587881576,0.02559889472751944,80.4,95.4
350,0.008813396313886876,0.0069346071133221665,0.0031054304879436266,0.024745372746029264,91.70000000000002,117.4
351,0.008101013151332563,0.006752143236648714,0.0025830042842401885,0.02495245008530883,92.10000000000002,109.4
352,0.009442272224578873,0.007442919470437081,0.0033097534040722777,0.02543663436912087,85.10000000000002,109.70000000000002
353,0.00923045678387123,0.008328610381154832,0.0027352570890330913,0.020587318139590118,95.5,117.10000000000002
354,0.00837832395109587,0.006503445426200958,0.0030280525752009284,0.026351873789141785,90.0,113.30000000000001
355,0.007756227559804976,0.00664974730652256,0.0029569791254550914,0.026332786372520057,86.0,105.5
356,0.008503621483437225,0.0075162783195488825,0.002587415573145353,0.020841918974725003,101.30000000000001,123.5
357,0.010313901331988885,0.008546517066981101,0.0025544459828409686,0.02645816438010844,75.5,86.20000000000002
358,0.00937562383210185,0.00832781616267005,0.002959265870070473,0.02340901623976896,84.0,102.70000000000002
359,0.008969885766693683,0.007875444579478735,0.0026756861292806817,0.02001451539321002,102.4,127.10000000000002
360,0.008481410842296214,0.007960531716157454,0.0027316681069106535,0.024512292708941168,81.5,95.60000000000002
361,0.01026876252448963,0.006586276610526191,0.003155341906402614,0.02290681403293895,108.4,149.20000000000002
362,0.009993984086819263,0.006773587026256618,0.003173363357003548,0.025663425874640287,94.10000000000002,123.30000000000001
363,0.010200458392579862,0.007912308063651702,0.0029974572876075843,0.024123752209006484,87.80000000000001,109.60000000000002
364,0.009996043458092537,0.007658871929937365,0.002577348353727153,0.026312331381593775,83.5,97.60000000000002
365,0.009511722227785215,0.007897155117998803,0.0027441076371579453,0.024410609436926273,85.70000000000002,102.5
366,0.008713433895266227,0.007840274198343357,0.0026459337272771916,0.02440333867917522,84.10000000000002,98.5
367,0.010348417059580797,0.006483477087436251,0.0034294567657991853,0.022649286645452866,110.30000000000001,160.40000000000003
368,0.010001034315910599,0.008135367339131115,0.003060314634888001,0.024966759972666775,82.0,101.20000000000002
369,0.010021992015513638,0.007284315723714824,0.0028443298454069147,0.02447147776508946,93.4,116.20000000000002
370,0.009831184043241396,0.008090141553247386,0.003268032283972771,0.022849727370542403,88.9,115.30000000000001
371,0.009858152383672558,0.006645470374583869,0.0030400401881647645,0.01984525303688187,121.4,171.7
372,0.008526381740730728,0.007199538453460644,0.0029065554224483297,0.024666315774762134,88.5,108.80000000000001
373,0.008699106873429932,0.007384560650900694,0.0027637897177868946,0.022414030023489087,96.10000000000002,118.60000000000002
374,0.008263627993610507,0.006539690828478998,0.0030931037340432396,0.024475807461899566,95.5,123.60000000000002
375,0.009322623934225957,0.007417861598551287,0.0028918072021613065,0.02583970221050706,84.80000000000001,103.20000000000002
376,0.009051520819867787,0.007453159224666894,0.002573077859225792,0.02219032231510683,98.20000000000002,118.70000000000002
377,0.008676528170721813,0.007272351257018025,0.003072155132304599,0.02353488180162088,91.9,116.9
378,0.009291343750542299,0.008095987338469788,0.003281687164844484,0.0248246803028232,80.30000000000001,101.10000000000002
379,0.010229913979078322,0.006416023311021813,0.0027262001871151916,0.019857864496097215,128.0,175.0
380,0.009398181728217428,0.008395568735137469,0.0027691340669186693,0.02628497146812618,74.5,86.5
381,0.007812721953781814,0.008477481060312406,0.002866460418515671,0.020513931590860023,88.9,108.0
382,0.008961853749803078,0.006952747277371143,0.0028063856117657303,0.021952956854834744,104.30000000000001,133.0
383,0.00981816992414819,0.007588112872519321,0.002830176929240403,0.024071233145343318,90.80000000000001,111.80000000000001
384,0.00958360682040262,0.006988404001650451,0.0029221941913728164,0.02065698379242526,111.70000000000002,149.0
385,0.008139103243743636,0.007907515171421211,0.0027132945129260642,0.02347589205183275,84.5,99.60000000000002
386,0.009564424906650567,0.006615473076963173,0.003060580997666013,0.021598373858072534,111.80000000000001,153.0
387,0.010249902563141464,0.00746297770511983,0.003275393294797642,0.023651083529672268,93.80000000000001,124.20000000000002
388,0.007767213838708011,0.007799590595086549,0.0034062630079859913,0.024010266622822855,80.4,102.30000000000001
389,0.009861809920452333,0.008364464542533916,0.002755271794754039,0.021287193430958504,94.0,115.4
390,0.009299648669897676,0.007299814057065085,0.0033058751725800486,0.026096161632552097,84.10000000000002,107.9
391,0.008604237724117338,0.0069079587576925845,0.003252472963719475,0.021725894188481473,102.80000000000001,139.8
392,0.00987105865998693,0.007328411070709715,0.0031507949093623235,0.020472791843704333,108.20000000000002,148.0
393,0.009334420176626746,0.007391477277158765,0.003077947616857927,0.020979419312136594,103.5,137.20000000000002
394,0.00963955911134929,0.008316293424472264,0.002745065820081698,0.02047404474308593,97.5,120.5
395,0.0077138241823251075,0.007819435875997349,0.0030963846324799024,0.023626414914871347,82.20000000000002,100.9
396,0.008276257159513132,0.007254538490787408,0.0030850287016675553,0.023277400343425594,91.5,116.30000000000001
397,0.010317020904580193,0.006681989443252648,0.003175630098642834,0.022631188189049002,108.4,149.5
398,0.00880613896029916,0.007989594972730895,0.003173192536191933,0.026733879395978297,74.20000000000002,90.10000000000002
399,0.007996664581526137,0.006609246711114374,0.003201904935415867,0.0238479245498748,95.5,125.5
400,0.008390233799711475,0.00655369358022522,0.0026270924246367872,0.02605539421390219,91.70000000000002,109.60000000000002
401,0.008168041776740605,0.007102586014759922,0.002753990762004289,0.022286424177765243,98.0,121.20000000000002
402,0.00783744437541445,0.007542884529543608,0.0026108513072329934,0.025399491989678308,80.70000000000002,92.80000000000001
403,0.008281022621158167,0.007590026807860148,0.003342071178805312,0.024354632809639887,83.30000000000001,106.60000000000002
404,0.009088986023688605,0.007104750944509595,0.002849701721752378,0.024484713816835348,92.4,114.4
405,0.01033417627529715,0.007864138177161101,0.0030520050756330224,0.024912247066572333,85.80000000000001,107.20000000000002
406,0.008906055153166037,0.006510320270851766,0.003056067134290119,0.026498800738692607,91.30000000000001,116.10000000000002
407,0.008123317944365679,0.007927511004346497,0.0027308403197931507,0.02355043551446684,84.0,99.0
408,0.007911026414046141,0.007388334606580916,0.003230546996005721,0.022234524954430485,92.20000000000002,119.70000000000002
409,0.009445261656115487,0.00816476241177689,0.003384460037531507,0.02144514815216962,92.20000000000002,122.70000000000002
410,0.008728152972685132,0.006717936029993439,0.0034432351519425373,0.026284736765790826,87.70000000000002,116.20000000000002
411,0.009107884251757509,0.008269574912346948,0.0030188621795448375,0.02416386395913929,81.0,98.70000000000002
412,0.007890635966713244,0.008074358446117817,0.0026649421352717114,0.025579212735465172,75.20000000000002,85.5
413,0.009761475836710042,0.007969675569921696,0.0025825443424722858,0.02192386720805785,95.80000000000001,115.4
414,0.008360403938759274,0.007185306916810917,0.0026288784720874545,0.02635433518298713,83.20000000000002,96.9
415,0.009145266049923413,0.0070624296989805525,0.002907283365366855,0.0229309457581288,99.0,126.10000000000002
416,0.009271604700073667,0.00753527871231712,0.0033774527758929757,0.02327877474551175,91.0,120.80000000000001
417,0.010328826640022944,0.008290706154926464,0.0027376594629216025,0.026309860550360976,77.9,91.4
418,0.007964189274290785,0.008214261844105179,0.002892560964128922,0.025942040499911036,72.60000000000002,84.20000000000002
419,0.009993753063290114,0.008188332150264646,0.003261027392676355,0.021934707182295305,92.0,120.4
420,0.00786848206423838,0.007281705402221613,0.002706172063487858,0.024662708111428205,85.80000000000001,101.4
421,0.00858446926165202,0.008570122951934808,0.0031268748696107983,0.025554139139804182,72.10000000000002,86.30000000000001
422,0.00800781661640299,0.008314532585113402,0.003380481471462055,0.02320956281254436,79.4,100.20000000000002
423,0.009286882931927637,0.008095822052031739,0.0027073547645343715,0.023317936874479462,87.10000000000002,103.9
424,0.008726390174985244,0.00670434148236506,0.0028807809800623784,0.0202815244426046,114.4,152.70000000000002
425,0.0077196921487636145,0.0066791241505983505,0.0034168036004302562,0.023646211455906167,93.5,125.9
426,0.010257719835113692,0.007348120226242796,0.0028306345197767336,0.023342931621253307,97.70000000000002,123.10000000000002
427,0.008836681559308857,0.006612745539588924,0.0031267436832211858,0.021315106895742102,110.0,151.0
428,0.009322887478224138,0.007837952457895843,0.002686822367815783,0.02023383389350357,103.0,128.4
429,0.009758056282384785,0.0074095509534809695,0.002602347415954928,0.026759115557016676,84.0,98.5
430,0.007806007514690189,0.007938829264931745,0.003435311032737072,0.02147686892846932,88.4,116.20000000000002
431,0.008034073295455428,0.006648116113700465,0.002822947632810836,0.02051131021896442,111.20000000000002,145.20000000000002
432,0.009518835622574155,0.0065151565457926405,0.0030084799153348107,0.02677191100843231,92.5,117.70000000000002
433,0.00984771972766625,0.007759243736019774,0.00282562825870795,0.02416603189567855,88.80000000000001,108.5
434,0.00907301195256146,0.007333687613753335,0.0026676393390661795,0.02600236346453086,85.0,100.4
435,0.00886441855181757,0.00681290065159672,0.0028809834157895605,0.022699766970177202,102.20000000000002,131.0
436,0.00988435231803056,0.008025632356263154,0.0032423744042772056,0.019882108538356244,102.5,138.8
437,0.008773615795085355,0.007458024341179478,0.002567273049140751,0.021621094329127788,99.60000000000002,120.70000000000002
438,0.009702782522429764,0.006683496837890247,0.0030317791183073323,0.021309261085400488,112.80000000000001,154.20000000000002
439,0.007682726091538511,0.006917703279598968,0.0034282863794190483,0.025407744412062096,84.4,109.70000000000002
440,0.010240856939666788,0.007472671598834315,0.0026487625788097534,0.023635236827926117,95.60000000000002,116.70000000000002
441,0.008876818803311893,0.008274803436164135,0.00263827432270582,0.02321780554778223,84.60000000000002,99.10000000000002
442,0.008055131394673757,0.007105520835502635,0.0032136213696490196,0.023132366724287676,92.5,120.10000000000002
443,0.008664898369893577,0.007262571626782579,0.002963502091565388,0.025292265641421025,86.0,105.70000000000002
444,0.01005862866013863,0.00852450304463384,0.0032582130476297654,0.022009694201278608,88.60000000000002,114.5
445,0.009507963706433661,0.007359607029124631,0.002779203559841446,0.025682692340187198,86.80000000000001,104.9
446,0.007753751142198276,0.008403964482304701,0.0029653297181622606,0.02425903832288988,75.30000000000001,88.80000000000001
447,0.009430255589955612,0.008389014916589705,0.003123002713950486,0.02409639575747283,80.80000000000001,99.9
448,0.007829960509513862,0.007541418049376708,0.0026851521007353373,0.02495966204336318,82.0,95.5
449,0.009032999186194221,0.007905512503218793,0.002587505610542146,0.020397696192160163,100.80000000000001,122.9
450,0.00958407314776924,0.006537189755997015,0.0026141310549887328,0.019889638241891862,123.80000000000001,163.3
451,0.010232553775408593,0.008034393808782764,0.0028679262676518575,0.021877783713200708,95.70000000000002,120.20000000000002
452,0.008594198720313792,0.008117970445157658,0.003145233549963373,0.0210995170193936,92.0,117.80000000000001
453,0.008120095205402026,0.006596390211855143,0.003144272447731204,0.025147964908929933,91.60000000000002,117.70000000000002
454,0.008365625356477509,0.006422126162319553,0.0026239545007287843,0.026570341643566763,91.5,109.30000000000001
455,0.008447700899189033,0.0081057520826358,0.003112197211968837,0.022474758081173742,86.20000000000002,107.80000000000001
456,0.008205355607927999,0.006648119440858664,0.0031035116712349797,0.025219690126658135,91.20000000000002,116.4
457,0.009388541484561051,0.007568179799810605,0.0025877561010884727,0.026574736555384747,81.9,95.0
458,0.00980652831746735,0.0070338495825771705,0.0034319732964229657,0.024012152311557892,95.60000000000002,130.5
459,0.009222541177159564,0.008058164653716447,0.0032805928092811236,0.0243937854652472,81.9,103.60000000000002
460,0.007995858515188739,0.007136101888487621,0.0033852752762934444,0.021375063126788524,98.5,134.20000000000002
461,0.008654850964361286,0.007347172986624441,0.002945464490725007,0.024089447681636733,89.30000000000001,110.60000000000002
462,0.010196304761910708,0.006916558601623136,0.002659351238670826,0.021185318724120963,113.4,146.0
463,0.010044697230565027,0.007828074328474212,0.002807316110315244,0.025508469103390635,84.0,101.10000000000002
464,0.009975698990181275,0.008279657262053125,0.0033770338802755987,0.021568164731011797,92.20000000000002,122.70000000000002
465,0.00968861320761495,0.007411213868866814,0.0033077986976010553,0.024897149833359677,88.10000000000002,114.70000000000002
466,0.009746408105549255,0.007851364134782409,0.002709685892522736,0.0236147381630896,89.9,108.4
467,0.010308608296716171,0.008484123149618517,0.0025888563622173105,0.020957055561948768,96.10000000000002,116.10000000000002
468,0.008005667688327316,0.008008454797466914,0.0032860067968712506,0.021297444450511595,89.70000000000002,116.0
469,0.009015802270969937,0.0082665818130252,0.003209521390289625,0.023595238066388018,82.20000000000002,103.0
470,0.009243938764238685,0.007518811230561629,0.0028177936061869386,0.02375450373008452,91.0,111.70000000000002
471,0.009509990315535243,0.008339976560686817,0.0031226622185813228,0.025125239543931675,78.10000000000002,95.70000000000002
472,0.008082193414377346,0.007413504317444526,0.002558398457844384,0.021529285263006147,97.9,117.5
473,0.00961144663080511,0.008606572390536067,0.0026392602896284944,0.022611445267870407,85.9,101.4
474,0.00981019161548773,0.006834080177915022,0.0030495764543720574,0.024929168359247425,95.80000000000001,123.9
475,0.009313160715702483,0.006798055652884686,0.0028698461118171655,0.025283704573552928,93.9,117.4
476,0.009146411588156444,0.006386766630471553,0.0032348916840252845,0.020051826371032273,120.5,176.5
477,0.009663481213374327,0.006830581260371784,0.0034122661321074423,0.022376905851601573,104.30000000000001,147.10000000000002
478,0.008532715364112813,0.0067099981132479995,0.0028250437939411933,0.02593278882517912,90.10000000000002,110.20000000000002
479,0.010340102711593567,0.007203696443640408,0.002953749567859088,0.024852275858037134,93.5,118.4
480,0.0100427286072557,0.007709349751920264,0.0029023731283600463,0.02268922666753188,95.30000000000001,120.10000000000002
481,0.009528168995541379,0.006382241093109627,0.0031076304037138567,0.02228989614298509,111.70000000000002,154.20000000000002
482,0.009794332794448126,0.0065842289396020465,0.0030793820402535512,0.023167000500304003,106.0,142.60000000000002
483,0.009384278919944112,0.0065209205875866785,0.0030719854086853184,0.023729777269837073,103.10000000000002,137.0
484,0.00916378225492366,0.007732847249842021,0.003158821143503726,0.02543187310776858,81.70000000000002,101.80000000000001
485,0.008378515944346177,0.00823136117290514,0.002998430114037108,0.020343637371148974,93.80000000000001,118.20000000000002
486,0.007808087508958743,0.007127036217066136,0.003256407279400321,0.024751689733839,85.30000000000001,108.5
487,0.009779260404615495,0.00753885537699362,0.0029461790981599413,0.020835693161676924,104.4,136.10000000000002
488,0.00853612043474514,0.007351543573891219,0.0026297403867116555,0.021347077549451365,101.0,123.80000000000001
489,0.009265208293972094,0.008030242007038177,0.0034485127602536542,0.026327462186091468,75.70000000000002,95.9
490,0.009384926038745014,0.0073228081199116606,0.0031225596282374096,0.02529670481038082,87.20000000000002,110.4
491,0.007969507715493145,0.0072972860018166484,0.0033058220570720553,0.02248799233401198,92.20000000000002,121.10000000000002
492,0.009194055132313401,0.0076974810619399444,0.0027160286278202755,0.022337025737149498,94.80000000000001,115.80000000000001
493,0.008553180479603215,0.006433942594197145,0.0025717725875022196,0.025618562335293655,95.60000000000002,114.9
494,0.008387291186926592,0.007540677224037334,0.0028188530162298955,0.026380347923356227,79.0,93.10000000000002
495,0.008350101248937588,0.007341727828662603,0.0033354572254361415,0.025690115631874743,81.70000000000002,104.0
496,0.008152473828184948,0.008180947447040347,0.0029623681980641033,0.023180952415876633,82.30000000000001,99.5
497,0.008010395925523047,0.00655635340595353,0.0032051453762763885,0.023275263454963547,98.5,130.9
498,0.008829496897060984,0.008016393514467892,0.0032389616090919985,0.02091576809200878,94.30000000000001,123.70000000000002
499,0.00929760790358963,0.006679546685124792,0.003226237577426141,0.024397116542307307,97.5,130.0
500,0.010232859476925335,0.006530155536801947,0.0026013492490361287,0.02177748765210547,116.60000000000002,150.3
501,0.008356605346086945,0.006930702297911999,0.0033656291224689328,0.021549327936948047,101.80000000000001,140.4
502,0.008384264260547301,0.008083646090440417,0.0029547658582054857,0.025234206793116717,77.10000000000002,91.80000000000001
503,0.007826488625423839,0.007472035185765114,0.0025802522401649542,0.020242945892152926,101.9,123.9
504,0.010097381124029907,0.006688302085014589,0.003029178614047695,0.02267855826217894,107.9,144.9
505,0.008587826980898874,0.008399625027796362,0.0025696410570979406,0.024444889906367367,78.4,89.4
506,0.010251164972376586,0.007635378412789144,0.003393140215829782,0.020170282576209307,106.30000000000001,150.0
507,0.008780741961500235,0.006960355029664615,0.003207738868482657,0.026664266662575754,84.5,107.10000000000002
508,0.008342631168599469,0.007846892853316667,0.002728287869483766,0.02375665847945555,84.80000000000001,100.4
509,0.008902617714058507,0.008562011991670957,0.00309767454542682,0.022248049540886862,84.30000000000001,104.70000000000002
510,0.00795805861919742,0.006715305364653602,0.0027527852369561116,0.021559256962768683,105.20000000000002,133.20000000000002
511,0.009946663356171071,0.00763775127363568,0.00302105182023693,0.020607234414365832,104.5,138.0
512,0.009972377172043474,0.008001332182219087,0.0026109015257100012,0.024752767329636084,85.10000000000002,100.20000000000002
513,0.009117553186825144,0.00655888202793025,0.002962470577375791,0.023193027047039027,104.20000000000002,136.5
514,0.008097591258440843,0.008502820830750634,0.003314977834332596,0.024481466137930466,74.0,91.0
515,0.008898198014701639,0.007301472468565143,0.0031358761204358584,0.02361756876715427,91.80000000000001,118.0
516,0.00781813738588109,0.007528130959733246,0.0032757632555095555,0.023015086744402738,87.20000000000002,111.80000000000001
517,0.007790282759396524,0.008144125948614073,0.002731227403922377,0.021612759635867392,88.0,104.70000000000002
518,0.0080947071542672,0.0071179838959608685,0.0032310763551197715,0.02343550715793252,91.30000000000001,118.4
519,0.008203179440206923,0.00835011767584209,0.003341623669456376,0.025890343191071585,71.30000000000001,87.20000000000002
520,0.008294749770730156,0.007390288524407223,0.003436490690526787,0.02520136720940683,82.30000000000001,106.4
521,0.00772335203730901,0.0065217103303361066,0.002967538239131099,0.026160449238972306,88.0,108.70000000000002
522,0.009104494854472326,0.007495078143077153,0.0026449263299609675,0.024395892932022815,89.0,106.0
523,0.009869678533620608,0.007230945016892015,0.0032480506658327944,0.02654669181076667,85.20000000000002,109.20000000000002
524,0.008200169439644758,0.007552491670188167,0.002808424162276118,0.025347052389046536,81.60000000000002,96.60000000000002
525,0.009209502087879124,0.007802810439488182,0.0032681227436543044,0.022572833603910557,91.0,118.70000000000002
526,0.010120743184699016,0.007574314951303814,0.002692159340551813,0.02466933483599993,90.10000000000002,108.80000000000001
527,0.009791805646183286,0.007087713773401934,0.0033214613312988776,0.02613894135081271,87.70000000000002,114.5
528,0.008397642115920083,0.008587923313609249,0.0026766403752438825,0.021217089522133404,87.70000000000002,103.80000000000001
529,0.008147407065942669,0.008386476847517707,0.0031388632970924656,0.02086820893972369,88.70000000000002,112.0
530,0.00883887322959454,0.007759420556407054,0.002625117676490445,0.025973090415167297,80.10000000000002,92.60000000000002
531,0.009819729545692142,0.007511715240547436,0.003420413953733253,0.022725149245132945,95.10000000000002,129.0
532,0.010307097861398544,0.007877819997308159,0.0031212041459285473,0.020965024718117536,100.80000000000001,133.60000000000002
533,0.010031204947422538,0.007336851797821384,0.0026960100652042313,0.019893126564630558,113.4,146.60000000000002
534,0.00916134034582363,0.007561649149776021,0.0031974182601322426,0.026027903790594435,81.4,101.9
535,0.007864397778536179,0.008020867103265815,0.002718670749687824,0.025803657601568577,74.70000000000002,85.5
536,0.009861471487426469,0.007591785948717474,0.00318921851876098,0.0220023072911544,98.0,129.8
537,0.008922153327118598,0.00822368301984856,0.0029633386774558924,0.022306009874624836,87.70000000000002,108.30000000000001
538,0.00898437360757581,0.00823856081798374,0.0028516872426337853,0.02101959353601885,93.4,115.5
539,0.009572437854893106,0.008233450978593184,0.00264057373067118,0.021481720048164055,94.0,113.5
540,0.008033324372354683,0.0071578681760598745,0.0029553158810148713,0.02503929609537351,85.70000000000002,104.9
541,0.009408098479180518,0.00777208927682647,0.002867137451948689,0.025686718396062475,82.0,98.60000000000002
542,0.008922475351975044,0.008577986110534097,0.0031207279244661627,0.020687590543535875,90.4,114.80000000000001
543,0.009475679417603671,0.007106484034721323,0.0031676944770174876,0.020291791625655215,110.5,152.9
544,0.008122179880375089,0.008300408832538018,0.002754461601321163,0.025655917465448153,73.5,84.30000000000001
545,0.008404045438826906,0.007821484297632091,0.003174735516158848,0.023388456724483923,85.30000000000001,107.30000000000001
546,0.008474338827081174,0.006853449846834966,0.0025798704191061835,0.02192958534467266,104.60000000000002,128.9
547,0.009413539534434462,0.008486185841509087,0.0033340840340367463,0.025159792787981767,75.9,94.80000000000001
548,0.009778807826783904,0.007871216032820988,0.0027842581718094026,0.026146293264633753,80.80000000000001,96.0
549,0.00946097724214575,0.0076359914197059895,0.002649890522292133,0.022929918251206913,94.20000000000002,114.0
550,0.0088929673322452,0.008320268121426007,0.0030419833981690093,0.022463999837303163,85.9,106.4
551,0.010287360886978777,0.00662412133498421,0.00293029358548075,0.020098752479448125,122.5,170.5
552,0.00964774112607071,0.008440672242448087,0.0028020335965954404,0.025804808320825857,76.20000000000002,89.4
553,0.008438989222247123,0.008424232863698809,0.0032285657132371053,0.025431298370121654,73.0,88.70000000000002
554,0.007698617700121226,0.008541323303416557,0.0032040038928632907,0.021935210156749072,81.30000000000001,100.70000000000002
555,0.009889365595118884,0.007008422696433592,0.0033354784556095148,0.02059193692897944,111.20000000000002,159.0
556,0.009549952139144146,0.007591571572451047,0.0026368810231758967,0.021495837859529285,101.10000000000002,124.5
557,0.0076834908979487495,0.0074297279222951375,0.002821138734684,0.023987518815241336,85.5,102.4
558,0.008452542080813266,0.007049818000890715,0.0032188738788584428,0.020141518423488693,107.70000000000002,148.4
559,0.010087816487018364,0.008292593717380156,0.0031510242149037655,0.023951618775050615,84.0,105.5
560,0.01005921674497706,0.0067919929039396065,0.002621072245971746,0.02147917608766767,113.5,145.20000000000002
561,0.009795361352490511,0.006453008100134588,0.0030745261515751406,0.026763108238177256,94.10000000000002,121.60000000000002
562,0.009960379453361356,0.007548252800348076,0.002607276818357978,0.02561630086555611,86.80000000000001,102.70000000000002
563,0.009267241972078469,0.006633599243384025,0.0026344715563410203,0.02616329146786178,93.4,112.9
564,0.009456840709932812,0.008240895298462699,0.0033410810102540408,0.023801688740817773,82.70000000000002,105.80000000000001
565,0.00904710514973861,0.007343461673222227,0.0028352519290120075,0.022842825766402397,95.9,119.5
566,0.00973947507047142,0.007729327719784044,0.0033532709609593618,0.022904226300510522,91.9,122.0
567,0.009289141862540635,0.0077954419944569735,0.003082527446075693,0.024716410073867757,84.10000000000002,104.5
568,0.008291070364611975,0.007527818499478028,0.002643802322527513,0.02249273418023724,93.10000000000002,111.60000000000002
569,0.008966701085277412,0.007842504583977313,0.003405477947327583,0.024003550955173005,84.20000000000002,109.10000000000002
570,0.00965770357367671,0.007514098633864206,0.0031206936282386984,0.020300816190775076,106.10000000000002,143.10000000000002
571,0.008336857268272987,0.007189169459711561,0.0029752440195058624,0.020124084731061663,106.5,140.20000000000002
572,0.008028065063393958,0.006997832192530438,0.003424379421810945,0.022121115579650324,97.0,132.3
573,0.008951510856902623,0.006816219853661384,0.0030997020639681916,0.021766975676456662,105.70000000000002,142.10000000000002
574,0.008208879961783752,0.007537288414003452,0.002554955219244379,0.019858571588218087,104.70000000000002,128.10000000000002
575,0.008241485784575016,0.006457623065626847,0.002647223178717622,0.022173635938877872,107.70000000000002,135.4
576,0.009816981334865494,0.007662109447580927,0.0030114009533607745,0.02185648687422477,98.30000000000001,126.80000000000001
577,0.010165735042468604,0.007268283842783681,0.0026283834901161944,0.02411829494766343,96.0,117.0
578,0.007957363662386823,0.0071517520713038065,0.003006670744846028,0.025915815447549378,82.4,100.5
579,0.008982575766918318,0.007955082223571245,0.003443535155099163,0.020724108948086892,95.70000000000002,130.0
580,0.0083917751189027,0.007262796170094704,0.002929645360684948,0.022678037316106164,94.70000000000002,119.0
581,0.010100549706902696,0.007981573450050426,0.003097114692681633,0.021967515297860847,94.80000000000001,122.60000000000002
582,0.009874234037397494,0.008523886150841225,0.003289078454295204,0.019815940085288395,97.30000000000001,130.0
583,0.009368283699495198,0.006490054608244727,0.0027818464983003495,0.020221077655430925,121.10000000000002,163.0
584,0.009280247722963346,0.007919827305358364,0.0026530388742593146,0.022488033792484406,92.20000000000002,110.9
585,0.008881838574179962,0.007205369298962061,0.0026589225004366736,0.022733445053410455,98.0,119.80000000000001
586,0.009678180729082728,0.006534767245199824,0.002622162012673713,0.02228485132993353,112.0,142.70000000000002
587,0.010192659421371096,0.007879288455126556,0.0031608029610053078,0.022334820735956676,94.5,123.20000000000002
588,0.009252884136263054,0.006397795164062422,0.0031224864417685877,0.02618887576355789,94.80000000000001,123.5
589,0.00930394836453101,0.008340821835299276,0.003201575749919484,0.020647703330661796,93.9,122.30000000000001
590,0.010086623929671771,0.006524498649800493,0.0030305707252929874,0.02079853849531627,119.20000000000002,167.0
591,0.00768160784897344,0.0073245770852871876,0.0028155366368887405,0.023202143451645247,89.60000000000002,108.5
592,0.009208439694183286,0.006473412912695131,0.002660702965611371,0.02370991035118847,104.70000000000002,131.20000000000002
593,0.008576551853566176,0.008015640346986257,0.0031370624837327456,0.02571577449729945,76.4,92.9
594,0.009519730632006907,0.007342344924127833,0.0031556699601549888,0.021729914408045375,101.10000000000002,134.70000000000002
595,0.008477046446701173,0.008150216609821783,0.002951777564761424,0.025385678580223284,76.30000000000001,90.60000000000002
596,0.009870540408904348,0.008304515259737888,0.0033749717122570867,0.02281758669138794,86.70000000000002,113.20000000000002
597,0.008510940409467075,0.007684947179836756,0.0028840551810938647,0.02400650842593363,85.70000000000002,103.9
598,0.009555081829138326,0.007923911291607307,0.002887097598318109,0.02097135280987428,98.70000000000002,125.10000000000002
599,0.008812429213847959,0.006695836824184294,0.0033510873316654273,0.022222683450557626,103.80000000000001,144.4
600,0.008067041317502974,0.006432257459787939,0.003131240147657836,0.024256947199008654,96.80000000000001,126.5
601,0.008569631249769486,0.006536351749907214,0.0029186660054057087,0.02198041029049312,107.80000000000001,141.70000000000002
602,0.009478225727284524,0.007738003311268553,0.002878134355377786,0.02132806895424238,99.0,125.5
603,0.010317697108620098,0.007396503647691258,0.0031694468122022133,0.020787465243372744,107.30000000000001,146.70000000000002
604,0.008961092189080373,0.006436957619706297,0.0030049096061194047,0.02654348167575274,92.4,117.20000000000002
605,0.00868735812506166,0.006462741028293551,0.0025778602118274093,0.022517027452028618,108.30000000000001,135.10000000000002
606,0.008082067328450623,0.006427542216738418,0.003230592252555159,0.023010075832084417,101.5,137.20000000000002
607,0.008430960884326166,0.00840018716178708,0.002654525064180473,0.02648687261439768,71.4,80.5
608,0.008497710136918852,0.008373908262694532,0.0030926485888315156,0.025583684444592997,73.5,88.0
609,0.010306835540668252,0.007023912235092178,0.0034150219368668335,0.02252747844536792,103.30000000000001,145.20000000000002
610,0.008690882142789689,0.007140870984572637,0.0030372668466128266,0.020882473851817625,104.80000000000001,138.5
611,0.009145021010466629,0.0075938358279225085,0.003235711631344383,0.025632213233943723,82.20000000000002,103.70000000000002
612,0.008839191645843543,0.007055249811040861,0.0027834014075853847,0.021165420618567053,106.10000000000002,135.60000000000002
613,0.007805648471937366,0.007145507952378105,0.0027932229229177047,0.02656025752720619,80.5,94.70000000000002
614,0.009155813830875117,0.007156373337818642,0.0030724208408943266,0.020777984942406413,106.70000000000002,143.10000000000002
615,0.008848918122845946,0.0077840272231973935,0.002990008048613206,0.022613433816573724,90.70000000000002,113.5
616,0.010333390650029185,0.008355708214835085,0.003111065362343496,0.02378494775466416,84.70000000000002,106.20000000000002
617,0.009325783295526375,0.006827952242600474,0.0029056239689378865,0.02008082213490739,116.0,156.60000000000002
618,0.008933974301214431,0.007596805313904741,0.0027549747624928886,0.02654356164168694,79.9,93.9
619,0.010105527449530551,0.007999822279775788,0.003030047965888826,0.025886084425937313,80.70000000000002,98.9
620,0.00800276132832335,0.00815364703711849,0.0026623387325701636,0.025356532531220343,75.60000000000002,86.10000000000002
621,0.008394572434278663,0.008348453807290926,0.0033996378844428576,0.02084508382614176,89.30000000000001,117.20000000000002
622,0.008899224133676562,0.00858222160086604,0.0029850666923758318,0.025841197182376673,72.4,85.4
623,0.009239575109754561,0.007219492292819104,0.0028072051999732833,0.02122552940669175,105.20000000000002,134.5
624,0.009706855116719782,0.007244716140351812,0.003010147915980676,0.023246355105208262,97.10000000000002,125.0
625,0.009208653378929453,0.00832254857765524,0.003432665409225086,0.02265401361793098,85.10000000000002,110.9
626,0.009884301089687018,0.008095187537973114,0.003066176056310016,0.026487769533847412,77.20000000000002,94.0
627,0.008191281191926686,0.0066208444731966475,0.00331856577025988,0.022874657218269902,99.60000000000002,135.5
628,0.00993681590635906,0.008384452961689682,0.0026062118342571644,0.025980418693272563,77.30000000000001,89.10000000000002
629,0.00886046144949744,0.007523473100259522,0.003113933259983889,0.02628041442104331,80.30000000000001,98.9
630,0.007701613454960362,0.007447897803715088,0.0031689498381875045,0.024856721634310616,81.4,100.80000000000001
631,0.00951983756515019,0.006677479041168274,0.002819456029534513,0.022312421522664924,108.4,140.9
632,0.009821980460734663,0.007002209712932744,0.002739634467480483,0.02649756165307629,89.20000000000002,108.20000000000002
633,0.007673930869806365,0.00862009692528445,0.003159139168971656,0.025596000403149327,68.70000000000002,81.10000000000002
634,0.00844547237013472,0.0064072093747508845,0.003214082566705377,0.025635670733034722,93.30000000000001,122.20000000000002
635,0.009649285556274501,0.006696413146426886,0.003228085130031272,0.02517977024693241,95.60000000000002,126.70000000000002
636,0.009428059392309146,0.008098760848790068,0.003311329295709959,0.024094092758519835,83.0,106.0
637,0.007889232727718134,0.007472162571751224,0.0026198844012044445,0.02265372578691669,91.5,108.70000000000002
638,0.008749187520639193,0.006523522149315543,0.0028639384805725313,0.02058087671055129,115.70000000000002,154.9
639,0.0098322350670249,0.008507298058420059,0.0026150848277321447,0.02648125529896899,74.4,85.10000000000002
640,0.00906095681820921,0.007049022775396216,0.002619175867748547,0.023304363633812223,98.30000000000001,119.9
641,0.00979519197012502,0.00796594457385007,0.0025952034103175763,0.020314583829221647,103.10000000000002,127.0
642,0.008737757863108118,0.007039403611607872,0.0027591458907504428,0.02176922144737191,103.30000000000001,130.20000000000002
643,0.009819403406901586,0.00846576312067167,0.0029145924250748097,0.026138715904906157,75.10000000000002,89.10000000000002
644,0.00851803839336928,0.007446983219273531,0.0027534260980344,0.02428192753480915,87.60000000000002,105.10000000000002
645,0.010293249010971983,0.0077328594660976005,0.002872032675702194,0.02433324394747379,89.60000000000002,110.60000000000002
646,0.007981885831856547,0.008374482930597145,0.0030027755557018527,0.022945954696857097,80.70000000000002,97.4
647,0.0092318349288245,0.007780763691276155,0.0026145982256038616,0.024576494376351583,85.80000000000001,100.9
648,0.008303215536851928,0.007981393423139827,0.003290281314945777,0.025424669967792114,76.30000000000001,94.5
649,0.0091417526120013,0.007545382257699189,0.0026785883652054704,0.025224669591317916,85.5,101.4
650,0.008382805327206129,0.007492564701340379,0.002805846683634765,0.020740460257367855,100.80000000000001,126.60000000000002
651,0.009349805781607688,0.006497247078351533,0.00322378071071358,0.022024931698875205,110.10000000000002,153.9
652,0.00765036367111211,0.007525040563283765,0.0025921667176748426,0.02173542520916809,93.80000000000001,111.5
653,0.009558836516130433,0.006516051648649197,0.003305404643120402,0.019831701259383494,121.10000000000002,180.2
654,0.008316424446845135,0.00804203412634216,0.002834643134756376,0.020517227792581434,95.30000000000001,118.0
655,0.008622631580761155,0.006983384894365182,0.003308440711944499,0.021995301943920152,100.5,136.70000000000002
656,0.009780117673795217,0.008381712325824152,0.0029404356776188767,0.026165502575542197,75.60000000000002,90.10000000000002
657,0.00866875874570062,0.008544176437102742,0.0026303605720730157,0.024607264672857666,76.70000000000002,87.70000000000002
658,0.008983297909233705,0.0072472098122752055,0.003119440690873741,0.024724961070523976,88.70000000000002,112.60000000000002
659,0.007661780828055833,0.006750644449681196,0.0031917414455708867,0.024463034040911665,90.20000000000002,115.80000000000001
660,0.010258328263847427,0.00808733502806426,0.0034056954369582042,0.024715758105728302,83.10000000000002,107.80000000000001
661,0.008454740963326495,0.006612071075064427,0.003253641477010442,0.02430760305811665,95.5,126.60000000000002
662,0.007780102233461899,0.0071851135482772005,0.0034111198339358572,0.023302804008514307,89.20000000000002,117.70000000000002
663,0.008818368667253202,0.007404824111608411,0.0027379944516046474,0.02238226312434492,96.5,118.80000000000001
664,0.008648495791165375,0.006492798795421812,0.0032408108656661262,0.022716365979008113,104.20000000000002,142.70000000000002
665,0.009869885694404341,0.008288283002519763,0.002740794649228792,0.0243999008403692,82.9,98.5
666,0.00892516087124005,0.008355352660323341,0.002744166611258809,0.02454291427016721,79.10000000000002,92.5
667,0.00929093073008235,0.007039428324536624,0.002672940813286055,0.024359961925736164,94.9,115.60000000000002
668,0.009644213136957291,0.007085161523467536,0.003130349343620082,0.02256696504420441,101.20000000000002,134.5
669,0.009575658584863067,0.006823234368511619,0.0033511935023725565,0.0218139930792944,106.80000000000001,150.5
670,0.008643022166941612,0.006505706892180787,0.0026503609910891487,0.023410874699959172,103.30000000000001,128.5
671,0.008372500227165522,0.008254830507919935,0.0025632240497894584,0.022454867400216835,86.20000000000002,100.20000000000002
672,0.008560832976276548,0.006418487169564602,0.0026619315591004593,0.02269636229768126,107.30000000000001,135.20000000000002
673,0.008980734378008105,0.007284651931323455,0.0030278439105708844,0.023964970407590713,91.30000000000001,115.4
674,0.0076767943170451556,0.007419214108770383,0.0034171493167988293,0.023433035638105545,85.80000000000001,111.70000000000002
675,0.009479364122139173,0.007076693680312987,0.0032465922403374864,0.02520772115831404,90.30000000000001,117.5
676,0.009057499328666174,0.008571031102378229,0.0026629951932863882,0.019923464177578173,95.70000000000002,116.10000000000002
677,0.009729427171744158,0.008191099959070984,0.0026581865062085186,0.021661424002380657,94.20000000000002,114.10000000000002
678,0.007697391381089897,0.00703494437425627,0.0032458276865268043,0.023425544088710927,90.60000000000002,117.30000000000001
679,0.008589858101554377,0.007211413413539243,0.002551218263143921,0.021900605687681,100.70000000000002,122.10000000000002
680,0.00939543860242241,0.008566937498586802,0.00331235474428551,0.01996992880287225,94.5,125.4
681,0.010076113632622065,0.008137196429921908,0.003252338511213882,0.023006390355434964,88.60000000000002,114.60000000000002
682,0.008724614290977156,0.007056560389874683,0.002609125373058929,0.021400365190820957,105.30000000000001,130.5
683,0.008315829814440666,0.007464173406847953,0.0032226999659370243,0.023116930700501647,89.60000000000002,115.20000000000002
684,0.007806180013507333,0.008530027052223457,0.003398451887184701,0.025293474906607376,70.20000000000002,85.9
685,0.010326585334223395,0.007600085248800591,0.0034164915152278853,0.02033347923391109,106.10000000000002,150.20000000000002
686,0.008637338020305701,0.006882107853015223,0.002726249775720843,0.020789212612759806,109.60000000000002,140.4
687,0.00933051683222819,0.008132974175431436,0.003070468559478324,0.020832269340021588,95.70000000000002,123.20000000000002
688,0.009840034178820371,0.007805898091118389,0.002899349135514296,0.02451717076579708,86.80000000000001,106.5
689,0.008351743443955648,0.007151682469111974,0.003375737258818791,0.02183562649464323,97.80000000000001,132.9
690,0.008918968324026428,0.008377817559141033,0.003186949215240775,0.020239800550891272,94.10000000000002,122.10000000000002
691,0.008047718219553218,0.006392643579236812,0.0031178296112062466,0.022934237243618826,102.60000000000002,136.60000000000002
692,0.008012542097436143,0.008530351772377733,0.0030266937515510575,0.021495834125849093,84.70000000000002,103.80000000000001
693,0.00900162964211771,0.00790414574865399,0.002618615296176208,0.021725179667184766,94.70000000000002,114.0
694,0.00982880682538678,0.007409245958405987,0.0030419194278290657,0.02283038385544419,97.10000000000002,125.5
695,0.007768529845136113,0.00674793700459535,0.002950987474867702,0.021267206403201414,104.5,135.9
696,0.0077849433773811315,0.008273211744116602,0.003433073276247704,0.025349068689237208,72.0,89.0
697,0.0099552192886026,0.006919448543213351,0.0034145642779618793,0.021181510674129465,109.5,157.8
698,0.010218860487976945,0.00861334341142339,0.0031905505251714436,0.026663194685224833,72.70000000000002,88.70000000000002
699,0.009187757404831179,0.006958969012146203,0.0029432962970990587,0.023953990938297712,96.20000000000002,122.30000000000001
700,0.00784732021747294,0.007775272345388804,0.003433060053086065,0.021133852471988256,91.60000000000002,122.0
701,0.009790006813978635,0.008417772286004143,0.003399331433538198,0.026516347874794073,73.30000000000001,91.70000000000002
702,0.009057941024547973,0.008573942792980883,0.003231579186420995,0.020935083339296365,89.5,115.10000000000002
703,0.008937630287463517,0.007991245144587008,0.002772606284237175,0.024282900133006723,83.4,99.10000000000002
704,0.009449821293425871,0.006741074423569272,0.00305857678120748,0.02519867210774047,94.80000000000001,122.20000000000002
705,0.008997018294247042,0.006402232012746241,0.002558134622171363,0.022300635114350383,111.5,140.3
706,0.01015072398476581,0.006889522754108119,0.003120927319984518,0.02135731033614631,110.9,152.8
707,0.008518508972080781,0.008283094701603337,0.003205975298042952,0.02047184094841934,92.5,119.70000000000002
708,0.008807495456663369,0.006440631968201845,0.0029828011319427083,0.024435413741790465,99.5,128.70000000000002
709,0.007969957083715009,0.0070249911125456225,0.002908052962951941,0.026232521862345787,83.10000000000002,100.20000000000002
710,0.010331788541642,0.006476050422740135,0.003234907131145853,0.02240335122415238,112.20000000000002,158.8
711,0.008709637102819596,0.008072096190030801,0.0033765837889308675,0.02645199087557281,73.5,91.30000000000001
712,0.009208230982303466,0.00717852260842613,0.003258794177272901,0.02155949966900348,102.4,139.20000000000002
713,0.009172999877850497,0.0071818015384309646,0.003140967966337088,0.021485388401125613,103.0,137.70000000000002
714,0.008167300953484028,0.008441037945019733,0.0026416233146545833,0.023341645775067175,80.30000000000001,92.5
715,0.008246302514000122,0.006462592417482751,0.0025824169364622837,0.021029800187019734,113.4,143.5
716,0.0099902799571662,0.007010577173948309,0.003405413253517766,0.023870539827994464,97.10000000000002,132.9
717,0.008828858312375667,0.007680199878006273,0.0030150285467036406,0.0251088460137637,82.60000000000002,101.20000000000002
718,0.0084127393781267,0.0071693633811006794,0.0033546848722799255,0.026420731026921336,81.4,103.80000000000001
719,0.010059907214213478,0.0073187579864039546,0.0032523289527061935,0.02313458677577468,97.0,129.4
720,0.008993357600794475,0.0068355302453788885,0.0030820172729326646,0.0211060899252959,108.70000000000002,147.3
721,0.008545224687481423,0.008298817953644852,0.0027363682282897698,0.020302396413362296,94.80000000000001,115.60000000000002
722,0.007836320500054603,0.008491765171131992,0.0030062283941656516,0.022666790382000958,80.10000000000002,96.4
723,0.00983937216872138,0.00825560833779866,0.002848971929804044,0.02465339022174183,82.0,98.5
724,0.009732031602800091,0.007847964045448397,0.0026864355673200894,0.025927422753784228,81.80000000000001,96.30000000000001
725,0.009105555292387222,0.007010562959332508,0.0029327053668939244,0.02006762192188836,112.5,150.5
726,0.007995240363300526,0.008097480188660687,0.0025500104712798295,0.02271679514109122,85.4,98.70000000000002
727,0.009060777488931087,0.006497927445002187,0.0034257703466750995,0.021385616065435206,111.0,161.60000000000002
728,0.008471336543017958,0.007058870652573811,0.002757374995905615,0.019815302016383315,111.30000000000001,143.70000000000002
729,0.009619230944037589,0.008550402374548391,0.0027518641349565404,0.02443969987070592,79.60000000000002,93.70000000000002
730,0.009653120082788529,0.00828395710295368,0.002930366277312248,0.0219224870304266,91.0,113.4
731,0.008528296861862183,0.007978397999471653,0.0032851015198550725,0.021074481634618655,92.80000000000001,121.70000000000002
732,0.008651540722025964,0.008404365442685587,0.0032760241677252653,0.02668916023530971,70.10000000000002,84.9
733,0.009686470301141616,0.007259689202312825,0.003081574050595174,0.02442548963718877,92.10000000000002,117.9
734,0.007861830704056234,0.007600118157983696,0.0031883887456253483,0.020974575914967413,95.0,123.70000000000002
735,0.009757705637049002,0.007688488756156751,0.003406999607127835,0.02010153186446617,104.30000000000001,146.20000000000002
736,0.008366380571399759,0.007728496228424603,0.002816903920985338,0.024798824906857985,82.20000000000002,97.70000000000002
737,0.009699314262809212,0.006605660919149567,0.003012469017786091,0.023362144983581478,104.80000000000001,138.8
738,0.00864705807958196,0.008474080940781762,0.0032947556878858988,0.024678493579548363,75.4,93.20000000000002
739,0.009578681916484493,0.007413861323579517,0.0033788950689869184,0.024660222036500465,88.30000000000001,116.20000000000002
740,0.009618248866470702,0.008313804533521527,0.0027966644304079718,0.025446425618028252,78.4,92.4
741,0.008177149627982527,0.007152019392550998,0.0028520494088428586,0.026644893024040092,81.30000000000001,96.9
742,0.0099626505041194,0.007952632188578083,0.003204351085453851,0.023733888832873973,87.60000000000002,112.20000000000002
743,0.010207144801193,0.007491582193985313,0.002892465938882905,0.020944617005151822,106.0,138.10000000000002
744,0.009772755261104856,0.00802749884717008,0.0028959195346717212,0.019981101963575016,102.80000000000001,132.20000000000002
745,0.009915292784838627,0.006400690462771665,0.003183329801666146,0.02658709719698514,95.5,126.0
746,0.008831685586000148,0.006903690161240893,0.0031843839090390435,0.02551672571268894,89.20000000000002,114.5
747,0.009125361853410187,0.008550829369326328,0.0025965018494921647,0.02333352123214865,82.5,95.70000000000002
748,0.009589825657770884,0.008315941060085652,0.002711330050717011,0.025397024337528135,78.60000000000002,91.9
749,0.00914230910444007,0.0072672457844774165,0.0026685435257211843,0.025853417354773298,86.4,102.60000000000002
750,0.008074637662085231,0.007072022683220473,0.0028110409787661934,0.025896184098994073,84.30000000000001,100.9
751,0.009466298084364022,0.008167533143680586,0.002775421108913249,0.024172869956252924,83.60000000000002,99.80000000000001
752,0.00919371415448812,0.00824886834777361,0.003365478354433134,0.019889975832626933,97.30000000000001,131.4
753,0.009469853781458738,0.006491630548019389,0.0030439727985696204,0.021815552776015313,112.30000000000001,153.60000000000002
754,0.00847829681870978,0.007169156632767801,0.0031091632041446485,0.022140009260024695,97.80000000000001,127.5
755,0.009628287436593755,0.0072851866175412065,0.002611517880278963,0.025283481298963906,89.9,107.20000000000002
756,0.008421547476400306,0.00734872547909834,0.0031668994948997114,0.022128868538469498,95.30000000000001,124.20000000000002
757,0.007802781271596131,0.007216322355778831,0.0034000037244248725,0.02429072343711692,85.5,111.0
758,0.009462993701401459,0.007797634845684688,0.002729092925063493,0.02272915371007494,92.9,113.30000000000001
759,0.009677537455580958,0.006603089019494608,0.002800067498480741,0.021736470568176316,112.80000000000001,148.3
760,0.008816451104505164,0.008580829667119915,0.0026107522920154396,0.023430719950720356,80.9,93.4
761,0.008134284641432968,0.008559022227171923,0.0026519731542547177,0.02262617100650752,81.70000000000002,94.60000000000002
762,0.009642289459053434,0.00796024746306175,0.002930455773204539,0.0222272039339895,93.10000000000002,116.80000000000001
763,0.00872355342209275,0.006969621592106938,0.00273479964483612,0.02318144748593664,98.20000000000002,121.5
764,0.008375041141382539,0.007021788746018813,0.003141080457127101,0.026575075948582248,82.9,103.30000000000001
765,0.009279820441510312,0.006548203800896174,0.0026180252524686605,0.02645544831371051,93.60000000000002,112.9
766,0.0084526851338298,0.0065821507186855695,0.0030891401284353437,0.02416430496024896,96.9,126.0
767,0.009400963014320458,0.006976654562679468,0.0025635996157930274,0.02655045743248676,88.60000000000002,104.5
768,0.008327411223365977,0.007896059148118232,0.0031859668828908387,0.024068951845385603,81.9,102.0
769,0.00849484996437685,0.006984966570969147,0.0030879014544324328,0.025859008478945726,86.20000000000002,107.9
770,0.010206181068093165,0.006613288059908454,0.0026893457513379477,0.02640870644889373,95.70000000000002,117.80000000000001
771,0.00963864511650394,0.008361736105866989,0.002732369370721809,0.023912225239054716,83.30000000000001,98.80000000000001
772,0.009543076904927178,0.007905251742255688,0.002917336521780028,0.019912610292922246,103.70000000000002,134.10000000000002
773,0.00922390035337151,0.00694447846315412,0.0029552288215286015,0.026498491295435887,87.4,108.30000000000001
774,0.008727395357634574,0.008264553614994959,0.002719686545174326,0.024505498881194954,79.5,92.70000000000002
775,0.010287918776985146,0.006604259476964107,0.002557487948004473,0.022835743720501973,110.9,139.60000000000002
776,0.00790008880423869,0.00805886478677152,0.003373093797463703,0.022838806599234224,82.70000000000002,105.5
777,0.00834852143381969,0.007352407467764872,0.0032011030360650007,0.019868288589446795,104.9,142.20000000000002
778,0.009241525771608682,0.007754906290996602,0.0031239194222063417,0.021496734339066334,96.5,125.60000000000002
779,0.009577942353120941,0.006580630844246496,0.0027293433028201205,0.025938515626114825,95.70000000000002,118.10000000000002
780,0.009644552506961727,0.006405927496525526,0.00277353863433282,0.02130370131612222,117.9,157.10000000000002
781,0.008381177085699826,0.006932009483129744,0.002606273666168561,0.023012994211011772,98.5,119.5
782,0.009628380381922645,0.007740146380614232,0.0031555845017382715,0.020372232757968314,102.9,137.70000000000002
783,0.010219024917477325,0.008261606626146804,0.003274581286646096,0.02555765679724195,78.9,99.30000000000001
784,0.010168318371958454,0.007599571423755818,0.0027302538160808632,0.024116317418889265,91.9,112.10000000000002
785,0.009655780032903434,0.008035314135046556,0.003019304121750192,0.02028352644814171,100.5,130.60000000000002
786,0.008652004933761344,0.008446724869042554,0.003076004018781683,0.023567940283357437,79.9,97.4
787,0.008375904488831921,0.007204010069812302,0.003355811480237852,0.02446357670221258,87.30000000000001,113.70000000000002
788,0.009775944972231297,0.007397277201902223,0.0031172224975105417,0.021541201425115022,102.20000000000002,136.0
789,0.009554744241765412,0.007337103000832509,0.002948290963333271,0.024343763048792405,91.5,114.60000000000002
790,0.010177957677966101,0.006519014279869397,0.0032922689136123066,0.02184875794178123,113.30000000000001,162.8
791,0.008848582527167219,0.006424304989743769,0.002820941470050882,0.023318392385984613,105.0,134.9
792,0.007801675408838084,0.007479965391112122,0.0033843995659725845,0.020541698594573558,97.30000000000001,131.60000000000002
793,0.00971398996580386,0.007296759870095983,0.003139656343071904,0.021624053819916753,102.80000000000001,137.60000000000002
794,0.008080629108861667,0.006736040882110259,0.00261344275107883,0.02110267046725969,108.20000000000002,135.20000000000002
795,0.009443392339470212,0.008358803876647893,0.0032827131170320456,0.024594088826022643,79.10000000000002,99.20000000000002
796,0.007948166031209977,0.007025671754165887,0.0028288261877902217,0.02155219905531937,100.9,127.20000000000002
797,0.00904051528121625,0.007579996083479263,0.002871197377653999,0.02227798621956769,95.30000000000001,119.20000000000002
798,0.009887100114346417,0.008150908908719291,0.0028270162485126713,0.02619238122267408,78.20000000000002,92.70000000000002
799,0.010222600545906764,0.007110170719567591,0.0028689824539137494,0.023339382732419492,100.5,128.3
800,0.010191026193840916,0.0083467187245702,0.002642311166325231,0.0225501878954672,90.30000000000001,108.30000000000001
801,0.009144102212324383,0.007507048063240964,0.0027244767611432036,0.025808129230465403,83.9,99.5
802,0.00947774011409146,0.008260293843416559,0.003322887851414525,0.025036007417123522,78.5,98.9
803,0.008835868623374236,0.0077487301987847045,0.002694328865507769,0.024513781468149604,84.9,100.30000000000001
804,0.008133983790496057,0.007936386578647852,0.0027566383446785718,0.02062668358805004,95.5,116.9
805,0.008096268123385984,0.0063794823042429075,0.0031968656560681773,0.02492448333291807,94.9,124.5
806,0.009040320044765798,0.006738066302374612,0.002625198903759621,0.019938711475396637,118.20000000000002,153.10000000000002
807,0.008097520077806095,0.008379424953712078,0.0027673831575315134,0.022281356577248338,84.10000000000002,99.60000000000002
808,0.0079344328080996,0.006875312935683383,0.0030173021137021847,0.02405319125483861,91.9,115.80000000000001
809,0.008312451248248769,0.006504897358256513,0.0029019295822146586,0.021442081562775075,109.70000000000002,144.60000000000002
810,0.008242795592720464,0.008534691306105274,0.0031046704373331514,0.02369758031777295,77.30000000000001,93.60000000000002
811,0.008772592779512967,0.0073401247502178244,0.0030368145034542727,0.02467304435118239,87.4,109.10000000000002
812,0.009545794459690938,0.006761311292337261,0.003000101476868964,0.02268458708428837,105.0,138.8
813,0.010000422808927335,0.007795692572741347,0.0030292536597743835,0.020611608548830634,102.80000000000001,135.0
814,0.009285222301173209,0.006638708787780524,0.0028534859180091767,0.020803465334052182,115.10000000000002,153.70000000000002
815,0.009518598846965796,0.006839067256131343,0.0029026734358692232,0.02606576669555526,91.20000000000002,113.70000000000002
816,0.008201654235177219,0.007517561393907252,0.0029273444950494196,0.019931687046909653,103.10000000000002,132.8
817,0.009790446906646592,0.0065303532892078495,0.0029768295188792584,0.023724141281623257,104.80000000000001,138.10000000000002
818,0.009346751432859384,0.007924421165942719,0.0027779451451704434,0.019874751648842563,103.5,130.9
819,0.009603297888358262,0.0075802273485320515,0.003302505932886524,0.025546504656675854,83.80000000000001,107.5
820,0.009926980653027283,0.007466462984953965,0.002850265556253179,0.025337991836113676,87.9,107.70000000000002
821,0.008868494105178986,0.006787744941907727,0.0033194766176053263,0.02597409353863871,88.70000000000002,116.0
822,0.008909036341578459,0.006545324386447021,0.002899043480925238,0.025421728239643598,95.10000000000002,119.70000000000002
823,0.010084789877074816,0.00683281367061959,0.0026102762508227444,0.025937679667398544,94.4,114.4
824,0.008701393335242962,0.007593962169602017,0.003421259230845683,0.020270287448120417,100.70000000000002,139.20000000000002
825,0.009400458620120657,0.006541737200793451,0.00288792203561985,0.025423663670902194,96.9,122.80000000000001
826,0.008820375028440212,0.008618660296281638,0.0030531533564519416,0.022049923446925315,84.4,104.20000000000002
827,0.008244300579942833,0.007163671202143863,0.0028852799463835958,0.020285308607290487,106.10000000000002,137.3
828,0.008647850338452287,0.007419536669413255,0.0032004639770149236,0.02439553909820404,86.60000000000002,110.20000000000002
829,0.009563667269118717,0.006393818284222928,0.0027459006596224824,0.024430173175914997,103.9,131.8
830,0.008956771294085316,0.006386955320253778,0.00327404517818864,0.025206938917299457,96.9,130.0
831,0.009130731740082618,0.006524542482996612,0.003239863544579326,0.023885157978242234,100.9,136.5
832,0.009761291938326488,0.00806643073289064,0.0032727018647620535,0.023425876384168327,86.80000000000001,111.80000000000001
833,0.00802887619912249,0.007885104315104299,0.0031084264065467733,0.02499334977852162,78.10000000000002,94.9
834,0.008108678716336984,0.00681369419977565,0.003351368565497395,0.025047344811179977,88.70000000000002,116.10000000000002
835,0.01010221691949087,0.008082109472618821,0.0030874397753912716,0.02437738783182484,84.70000000000002,105.9
836,0.010050645394638026,0.007677315197651866,0.0031191521918955485,0.02089877224486517,102.70000000000002,136.8
837,0.008929587294313476,0.007986893501905722,0.002793848428484729,0.0212187567218665,95.20000000000002,117.4
838,0.008497332382205921,0.006918376412983875,0.0027434213733327564,0.022774707391647928,99.60000000000002,123.80000000000001
839,0.010101163987485541,0.007515884205162116,0.0027191283427337905,0.02034303196897231,109.0,139.4
840,0.009529621591872397,0.007236297219981872,0.003289647851926823,0.024414980272798984,91.30000000000001,119.9
841,0.009799851916461693,0.00698687858869151,0.003173123030214952,0.021650793273009093,106.80000000000001,146.10000000000002
842,0.010185484894515786,0.007806842133450092,0.0028420606201578075,0.021688887917422985,99.0,125.20000000000002
843,0.008165501779693437,0.007937942157510886,0.0027468440516981345,0.023966169828833147,82.5,97.10000000000002
844,0.008364514572698463,0.007864430125786203,0.003283445755686485,0.025243396449581124,78.20000000000002,97.4
845,0.00970429859351311,0.006797375412807567,0.002629546452286067,0.024690652311126826,98.20000000000002,120.4
846,0.008644537477244748,0.007347779009407531,0.002578034183514052,0.021619439380432596,100.4,122.10000000000002
847,0.007740926290461052,0.008353167988352807,0.0027690570148966773,0.023700786815315327,78.0,90.5
848,0.007755244165785051,0.00787540663043773,0.0028407246111786843,0.026081455116834084,74.5,86.4
849,0.010047919110121895,0.007106903891313932,0.0033608648061214208,0.02676814213775646,86.10000000000002,112.5
850,0.009878622293134657,0.008275960532449264,0.002774107862498181,0.023836149768015714,84.9,101.9
851,0.007831590967711893,0.006588565357848757,0.0034490033508299614,0.022088208353487116,101.30000000000001,141.5
852,0.009670096562531885,0.008189996369310337,0.003322220943906506,0.026778421798841077,74.4,92.5
853,0.008302040510193542,0.006465789360434324,0.0029200723661951273,0.02071426388210434,113.60000000000002,152.4
854,0.007710549900737548,0.0071859603610683435,0.0032553644259677127,0.023762603031663245,87.70000000000002,112.5
855,0.008494500570867956,0.007847269512358618,0.0027588163622779297,0.019905526308043875,101.20000000000002,126.30000000000001
856,0.009713754143378354,0.00777842194094402,0.003236072362050864,0.020077176736646784,103.80000000000001,141.20000000000002
857,0.00991022299514276,0.007768933950081682,0.003057055815641376,0.024171052196320576,88.20000000000002,111.0
858,0.009983969766544582,0.007695607139757541,0.003072855341899361,0.0267298473078897,80.60000000000002,99.30000000000001
859,0.009693171451085131,0.007370161062265054,0.0031866573000296347,0.0225257209971256,97.9,129.60000000000002
860,0.008267963748705446,0.007717916722997459,0.003385363888302556,0.026299685244908083,75.80000000000001,94.80000000000001
861,0.008573144250884823,0.007562274298998813,0.002740472308712875,0.026764461455397195,78.4,91.4
862,0.010299018351243425,0.007836395091841756,0.0032739726537097257,0.02480355012737306,85.70000000000002,110.4
863,0.009251527191406563,0.006495032993225019,0.002959287908297395,0.0245217562521502,100.20000000000002,129.60000000000002
864,0.009479335357485947,0.007214525891450363,0.0033975227879922275,0.020974825655335098,105.0,147.70000000000002
865,0.009000970504782012,0.007929488947239351,0.003177422225302628,0.02433898630781402,82.9,103.70000000000002
866,0.008393278176320022,0.0067264647795449,0.0031223462941440397,0.02399412179181467,95.4,123.9
867,0.00813426122778095,0.007961563077533767,0.0029596547925602908,0.02447264653530604,79.9,95.80000000000001
868,0.009910891115379404,0.006756888964298077,0.002567230381197153,0.02525092707890655,97.5,118.30000000000001
869,0.009296183047912063,0.007949189031649774,0.0033043394774897785,0.025416648434423258,79.70000000000002,100.5
870,0.010244484396707824,0.007580853927417265,0.002989646069393915,0.0226141915272362,97.4,125.20000000000002
871,0.00806496581567935,0.007663366273984549,0.0027993112718933807,0.0262449395103687,77.20000000000002,90.0
872,0.009224615171548161,0.007708890406143247,0.002869432194789309,0.020168405570324174,103.80000000000001,133.3
873,0.0077357081665070685,0.007327504074344694,0.002626108840287514,0.02404686021922557,87.20000000000002,102.30000000000001
874,0.010028627115227073,0.008361558337167124,0.0031431408691190085,0.02128151050199579,93.4,120.70000000000002
875,0.009980091444668954,0.008368710229454717,0.0027269882264576626,0.024959608339537035,80.60000000000002,95.0
876,0.008423602782103232,0.008180940702794091,0.0034475141099132426,0.02001488177725246,94.4,127.4
877,0.010072887837635514,0.0077759187005969795,0.003426044357248339,0.02305541652750973,91.60000000000002,122.9
878,0.009937947412542709,0.006515386654346123,0.002851751145070466,0.02027344559888096,122.30000000000001,167.7
879,0.01028342646039349,0.008213191291361633,0.003317292679121373,0.026361376967722918,77.0,96.70000000000002
880,0.00787977941252342,0.007242594583155,0.002613931400139602,0.0212784437798347,100.0,121.60000000000002
881,0.008269287598001714,0.007430491224857051,0.002791705950708278,0.02051083696665615,102.20000000000002,128.60000000000002
882,0.00810222594055409,0.006706370017992205,0.0034257691181210684,0.025112454623360134,89.5,118.80000000000001
883,0.010262955956227815,0.007364416094642793,0.0028005316334963905,0.025385069448492215,90.0,110.4
884,0.008530885578711095,0.007048612590837033,0.002759255392987048,0.020711456057787406,107.20000000000002,136.8
885,0.008342450264745267,0.007174469434066247,0.003156594787331157,0.02024232824711397,105.5,142.4
886,0.008218368737096426,0.008195303190656271,0.0026822297312253936,0.022200089574192425,86.9,102.60000000000002
887,0.009984579089016978,0.0067235819500727455,0.0026244631520563706,0.023191920585609274,106.30000000000001,133.3
888,0.008466532680452048,0.007642668820088671,0.003273424401435128,0.020763667932187677,97.60000000000002,130.10000000000002
889,0.009217887528296567,0.0075123947108771925,0.0026796709074118795,0.024166749413847586,89.9,107.9
890,0.008388829128224083,0.0074726272167240275,0.0026240450918493556,0.023017492559923226,92.0,109.80000000000001
891,0.008477451363715614,0.008225357725167047,0.0026012808542976314,0.022731064851679125,85.70000000000002,100.0
892,0.008887764845154881,0.008006263671673015,0.0030668588175811894,0.024468814236987328,81.60000000000002,100.30000000000001
893,0.00974803307125974,0.008314956690730924,0.0028324879470502233,0.02356577871049368,85.0,102.70000000000002
894,0.009918291811785837,0.008601265044671375,0.003350567379939387,0.022401556165744393,85.70000000000002,111.0
895,0.008176949596490355,0.007476133209164825,0.0032174773066524377,0.02324805780456555,88.4,113.20000000000002
896,0.008954588330946903,0.00826101844743405,0.0028752634011604676,0.0258149647769334,75.60000000000002,89.0
897,0.008748372962569652,0.007113524487776263,0.002958590920079729,0.02513450424113733,88.5,109.70000000000002
898,0.007990205475232784,0.006816943235712038,0.003406300343096783,0.02103168647539569,103.80000000000001,145.4
899,0.009182863758413847,0.00767845754998936,0.0029906620158452204,0.024311769287551962,86.60000000000002,107.20000000000002
900,0.008270532159653569,0.0076184901024976825,0.0028849559297222075,0.02443005414480803,84.0,101.30000000000001
901,0.008031303567107503,0.00765947418788882,0.002716743319844991,0.021752715011174106,93.4,113.0
902,0.008240516460873674,0.006786385004704838,0.0032931398564045996,0.021802095897949625,102.30000000000001,139.9
903,0.010153234211034012,0.00855733468202668,0.0030641344229433874,0.02080457784743343,94.0,120.5
904,0.008661280257124869,0.008169897592533481,0.0028806516558273635,0.020413250355936493,95.5,119.30000000000001
905,0.009153319259506106,0.008276521915866078,0.003266333748429152,0.02102911074951117,92.20000000000002,120.5
906,0.00946646445891366,0.006871134592730205,0.002746386781096955,0.025914761695403247,91.70000000000002,111.9
907,0.008324106172398621,0.0069673065296655245,0.00255058805168517,0.025890976548537364,87.20000000000002,101.80000000000001
908,0.009790005995664661,0.007786490103954025,0.0032252391875449574,0.020867819486297196,100.30000000000001,134.60000000000002
909,0.008887473705386452,0.007165243621534757,0.002634398873631315,0.02320305209165232,96.60000000000002,117.4
910,0.010135997055925114,0.006465133017864062,0.0028123148221444144,0.021255711144077868,118.9,160.10000000000002
911,0.008292995964897378,0.008418977741728595,0.002971262148810861,0.023064432896449334,81.0,97.60000000000002
912,0.009703554234629262,0.006722607459011082,0.0029885388186900457,0.02281059664670621,105.60000000000002,139.70000000000002
913,0.00926165886447597,0.008624004832313485,0.0032425040046738427,0.022586081264091815,83.20000000000002,105.10000000000002
914,0.009884393241139926,0.00675909381745308,0.0025774173176780642,0.02123409412352527,114.70000000000002,146.20000000000002
915,0.0085691112015085,0.007523806704284009,0.00310361622648708,0.026170133963328807,79.70000000000002,97.70000000000002
916,0.009026605825786235,0.00750287020040789,0.002595218708840684,0.020049031753067006,107.30000000000001,133.5
917,0.009138131897174202,0.007360901879808775,0.003305262355482269,0.020928150297135798,102.5,140.4
918,0.0077174234877160335,0.0073853372278427825,0.0027637307010770318,0.020151804469638473,102.20000000000002,127.70000000000002
919,0.009606415374488596,0.006626084249903806,0.0030974875500069943,0.021769537753666555,110.9,152.10000000000002
920,0.00811843933595856,0.007229440926568464,0.0032713011986006584,0.022545734102562963,93.4,122.80000000000001
921,0.00967707805286985,0.006657344167798089,0.003245494277698571,0.021461163941097473,111.5,157.40000000000003
922,0.009478961450699956,0.007648008498392242,0.003386230245490518,0.022512384400647446,93.4,125.20000000000002
923,0.007828646009852988,0.006418099842490319,0.0032941727048754776,0.02347290210725341,98.4,132.70000000000002
924,0.009743158939954363,0.006902457600025907,0.0028605753709619102,0.02001542606675712,117.10000000000002,157.5
925,0.010246029276350101,0.007877702790076829,0.0033898845789833753,0.021660819887929214,96.80000000000001,131.5
926,0.009300951750309282,0.007901624928658434,0.00283579473023183,0.025733283552759254,80.30000000000001,95.70000000000002
927,0.010207335949830667,0.00836592401481601,0.0032151602783454347,0.02174447811127743,91.70000000000002,119.20000000000002
928,0.008410363313685205,0.008542560721003583,0.002559256046342123,0.02481018931296259,75.4,85.10000000000002
929,0.009556864638899208,0.007776051467137043,0.003441097961478179,0.02198503725598844,94.20000000000002,127.60000000000002
930,0.00856792403224177,0.006552613656629749,0.0029485183228893635,0.02162972919838159,109.0,144.60000000000002
931,0.008577144095879638,0.008252786528075162,0.0033919360621747457,0.02110327417331625,89.80000000000001,118.20000000000002
932,0.008655774115194357,0.008464418764759635,0.0026056276146203,0.020450600091498537,93.20000000000002,111.20000000000002
933,0.008089535670856818,0.007714228876785467,0.0026854250439053975,0.026571853906340627,76.10000000000002,87.20000000000002
934,0.008856129223598004,0.0075034154107878745,0.0027719927542248658,0.023097012164518788,92.60000000000002,113.10000000000002
935,0.009437166808119929,0.008065148558146594,0.0032284812744389217,0.023844458877731678,84.5,107.20000000000002
936,0.010091771392483413,0.008214167656438745,0.0032313433032287626,0.02019368259654642,99.60000000000002,133.3
937,0.007668570497993053,0.0068530063736898135,0.003147171234522107,0.022679270447288995,95.9,124.70000000000002
938,0.00873649690010814,0.00836532049851663,0.0033560065633186547,0.026160135095734567,72.0,88.70000000000002
939,0.008497470806590572,0.007929875578663339,0.0027944698631469328,0.021137362733190404,94.60000000000002,116.30000000000001
940,0.008148507634837897,0.007144742146943086,0.0029369618578018396,0.02561333470567493,84.4,102.70000000000002
941,0.007973705952376321,0.008028583156638512,0.003028309422770375,0.021817737945305185,88.10000000000002,109.30000000000001
942,0.008980612878238625,0.007049869656998301,0.0030864737597144755,0.022837569020758158,98.30000000000001,128.3
943,0.00809389492851297,0.006637311917750317,0.0030420261138649173,0.026112867102669864,88.0,110.10000000000002
944,0.00857868575370575,0.008024250241250901,0.0031427952194457904,0.02631656885102327,74.5,90.10000000000002
945,0.009866648746707679,0.007649861832537291,0.0031413274484106963,0.026084721401422404,82.60000000000002,103.30000000000001
946,0.008728700718384722,0.007110288088179998,0.0025597299752716765,0.025582592008598335,88.10000000000002,103.30000000000001
947,0.009812647891089083,0.00661002266572534,0.00306917164301943,0.023048232070186542,106.20000000000002,142.8
948,0.0079705145578746,0.008581278510886628,0.00274322629871702,0.020274966918833022,90.0,107.9
949,0.009256087924655154,0.008037450023549322,0.0025791991014424685,0.024409436294701884,84.0,97.80000000000001
950,0.009087188065068925,0.006607346269968858,0.002705271489251726,0.023775140338239402,102.0,127.4
951,0.008450165556485877,0.00848621038946546,0.0032868662065356456,0.026680134773530505,68.80000000000001,83.0
952,0.008351111265166116,0.008556878173795447,0.002938110482812402,0.022234156379243145,83.10000000000002,100.30000000000001
953,0.007785943722817253,0.0064937218301841055,0.003172810130351989,0.023005923671093855,99.5,132.10000000000002
954,0.008261608390297485,0.007756433189231772,0.0027775723064251,0.023842645962867517,85.0,101.20000000000002
955,0.008619863616853263,0.00822799250987659,0.003288626544690101,0.023141679282875586,82.70000000000002,104.70000000000002
956,0.00859721159520454,0.007190759542257962,0.003275143073101396,0.022098974584755307,97.60000000000002,130.4
957,0.008214460309008484,0.00656554876921944,0.0029700238087959673,0.023175103371449696,100.5,129.8
958,0.009920453518087848,0.006872787067003644,0.00289289214630156,0.025455756114866897,94.30000000000001,118.60000000000002
959,0.009873783749022227,0.007240374920952228,0.0029632116209580128,0.021924968377036485,103.4,134.9
960,0.010167898171732142,0.006641948472918555,0.0033903744807013227,0.02458522649832905,99.70000000000002,137.8
961,0.009085244812254173,0.0064484828867651155,0.0029780365726398074,0.022655159253969097,107.9,143.5
962,0.00808529079233283,0.007851921607876476,0.0034240358166314567,0.02373469978934103,82.0,105.30000000000001
963,0.009579833846398652,0.006529013518273537,0.0029259002962352954,0.020618345811299826,118.60000000000002,162.5
964,0.009304548755948576,0.008486584855981846,0.0031455999592244744,0.020341853307717806,93.9,121.30000000000001
965,0.008607598753459723,0.007613992603741914,0.002912886980519927,0.025632171633221457,81.10000000000002,97.5
966,0.00984961171271697,0.007751619795232248,0.0028861121506194346,0.021589801252605078,98.9,125.60000000000002
967,0.007935860659175448,0.007173519787844746,0.0029218552654869476,0.024529002246477475,87.0,106.4
968,0.009427031525603447,0.006532743314192828,0.0029057333838880418,0.02107563428184936,115.70000000000002,156.3
969,0.008073394304355374,0.008236429836908801,0.0025877236950446318,0.022735088302555828,84.20000000000002,97.4
970,0.008104149870569599,0.008353492985276566,0.003051336461947532,0.02142235064827417,86.9,107.70000000000002
971,0.009006553675349215,0.008020844309332009,0.00341230620802749,0.02134591756967548,92.5,123.70000000000002
972,0.010042690784749229,0.008477184256876852,0.00337477849007886,0.024246546354464753,80.60000000000002,103.0
973,0.00935051576697371,0.0072822239246636,0.0032271580940734087,0.023518745188273012,93.70000000000002,122.9
974,0.009479082792316395,0.007339030283659789,0.0032083468176388246,0.0255680559080558,86.20000000000002,110.0
975,0.008045377892827603,0.008249091860042012,0.0030362668786112763,0.025709214704540666,72.9,86.20000000000002
976,0.008814514607120738,0.007227841092111828,0.0033735546592655,0.021560673180163324,99.9,136.9
977,0.009929373278272586,0.007464046288146158,0.0030126858982961334,0.021961193287611494,100.5,130.8
978,0.00919721394167134,0.007106725191621475,0.002585342472817487,0.02170627025135705,105.10000000000002,130.0
979,0.007667223417197794,0.008576298270877926,0.003419172488837772,0.02256713552933141,78.10000000000002,98.30000000000001
980,0.009616601306717043,0.007153063721423456,0.0031539838413773783,0.025434956000891396,89.30000000000001,114.4
981,0.01020624186066905,0.007275477620661761,0.0032549681846604423,0.02166383986991851,104.10000000000002,142.8
982,0.010323897220242849,0.006432981597219789,0.003093175925851009,0.024414946811742774,104.70000000000002,140.9
983,0.009507723004100146,0.006645872052275449,0.0033946768051258173,0.021071471120560077,112.30000000000001,163.3
984,0.00933143418874757,0.006876021178026941,0.002826494775319144,0.02362474520667959,99.5,125.60000000000002
985,0.008776422230124356,0.0067355076021971385,0.0027038427621787634,0.022727832069257967,103.4,129.60000000000002
986,0.00969466404134385,0.008395420455407523,0.0026257148960334444,0.022552796313840214,88.5,105.0
987,0.007920663022051766,0.006412333081423345,0.003145546814379561,0.02401612159934645,97.30000000000001,127.70000000000002
988,0.008090151607300191,0.0069010788744593935,0.002571336978280067,0.02564128096780388,87.9,102.9
989,0.010281664609331087,0.0066797839577880545,0.002758327692388768,0.02587518257238907,96.80000000000001,120.60000000000002
990,0.010151452254481698,0.007319161611315322,0.0025955602250421666,0.020080348917512807,113.5,144.5
991,0.009199664638386328,0.007259013995009653,0.002575787184819889,0.023881934222264773,94.10000000000002,112.80000000000001
992,0.00768051684879036,0.008146586905835862,0.0028257895404330343,0.020086403441034534,93.70000000000002,114.80000000000001
993,0.009238550996654512,0.0072697899324743725,0.0034264203720214344,0.02360894865090088,92.5,124.4
994,0.00839314578879992,0.007971237445426441,0.00279434280228844,0.026125660606938883,75.80000000000001,88.10000000000002
995,0.008661749320369916,0.0076122042662464615,0.002595515793441806,0.022783587453286094,92.5,110.20000000000002
996,0.009897381557084684,0.008187709812067519,0.0027518867029681735,0.021385292706363836,95.60000000000002,117.80000000000001
997,0.009856724342975737,0.008468396445380982,0.002635824829145703,0.022950909889589314,86.70000000000002,102.60000000000002
998,0.008561126553203418,0.008334049024779237,0.002625172423212017,0.021280770338480682,90.60000000000002,107.5
999,0.009681664511483534,0.006490411160207735,0.0029932818426428604,0.022895328172411245,108.4,145.10000000000002
1000,0.00855288318326962,0.007262787709467578,0.0030269465282372096,0.020932957835134797,102.5,134.10000000000002
